id,category,year,question,option_a,option_b,option_c,option_d,correct_answer,explanation,reference,difficulty
1,道路,2013,ランプの交通容量に関する記述として、誤っているものはどれか。,ランプの交通容量には、ランプ本体の交通容量とランプ接続部の交通容量がある,ランプ本体の交通容量は、基本的には単路部の交通容量により求められる,流入ランプ接続部の交通容量は、本線の断面交通量に左右される,特に分合流交通が多い場合には、付加車線を設置しサービス水準を確保する,d,全ての選択肢が正しい記述のため、問題設定に課題あり,道路構造令,標準
2,道路,2013,防護柵に関する記述として、誤っているものはどれか。,路側高さ４ｍ以上、かつ法勾配1.0以下の区間は路外の危険度が特に高い区間として車両用防護柵を設置しなければならない,分離帯を有する高速自動車国道は、全線にわたって原則として車両用防護柵を設置するものとする,車両用防護柵の路面から防護柵上端までの高さは、原則として0.6ｍ以上1.0ｍ以下とする,高速自動車国道の車両用防護柵は、車両総重量36ｔの連結構造のトレーラーを設計条件の対象車両とする,a,法勾配は1:1.5以下が正しい,道路構造令,標準
3,道路,2013,交通制御に関する記述として、誤っているものはどれか。,第１種の道路の交差点は信号によって制御しないことを基本とする,第１種の道路における平面交差は本線の交通を阻害しない限度において認められるべきものである,比較的高速の設計速度50km/h以上の直進交通に対しては一時停止制御をしないものとする,一時停止制御の限界交通量は約1200台/時間である,b,第１種の道路は自動車専用道路であり平面交差は原則として設けない,道路構造令,標準
4,道路,2013,道路の容量に関する記述として、誤っているものはどれか。,計画水準１とは、30番目時間交通量が流れる状態においては、ある速度での定常的走行が可能である水準をいう,計画水準２とは、年間30時間程度は予想されるピーク時間交通量が可能交通容量を突破して大きな渋滞が発生することがある水準をいう,計画水準３は、その水準値が1.0であり、余裕が無い水準であって、原則として用いない水準をいう,計画水準３とは、30番目時間交通量が流れる状態においては、走行速度は常に変動し停止に至ることもある水準をいう,d,計画水準３の説明が不正確,道路構造令,標準
5,道路,2013,環境施設帯に関する記述として、誤っているものはどれか。,一般平面道路および単独の高架道路では、距離減衰の効果を考慮し道路端から10mの環境施設帯を設ける,自動車専用道路で夜間に相当の重交通が見込まれる場合は道路端から20mの環境施設帯を設ける,河川、鉄道等の地形の状況により10mまたは20mをとることが著しく困難な場合には、環境施設帯を適切な幅とすることができる,沿道地域の不燃堅牢化が進んでいる地域については、環境施設帯は設けなくても良い,d,不燃堅牢化が進んでいても環境施設帯の設置は必要,道路構造令,標準
6,道路,2013,設計車両に関する記述として、誤っているものはどれか。,第１種および第２種の普通道路の設計車両は小型自動車およびセミトレーラ連結車とする,第３種および第４種の普通道路の設計車両は小型自動車および普通自動車とする,小型道路の設計車両は小型自動車等とする,小型自動車等の最小回転半径は７ｍである,d,小型自動車等の最小回転半径は６ｍ,道路構造令,標準
7,道路,2013,舗装に関する記述として、誤っているものはどれか。,舗装路面に49kNの輪荷重を繰り返した場合に舗装にひび割れが生じるまでに要する回数を塑性変形輪数という,疲労破壊によりひび割れが生じるまでの期間として道路管理者が定める期間を舗装の設計期間という,舗装計画交通量3000台/日・方向の疲労破壊輪数は35万回である,車道および側帯の舗装路面の施工直後の平たん性は2.4mm以下とする,a,ひび割れが生じるまでの回数は疲労破壊輪数であり塑性変形輪数ではない,舗装設計施工指針,標準
8,道路,2013,カルバートの要求性能に関する記述として、誤っているものはどれか。,性能１は、想定する作用によってカルバートとしての健全性を損なわない性能である,性能１でも、長期的な沈下や変形、雨や地震動の作用による軽微な変形を全く許容しないものではない,性能２は、想定する作用による損傷がカルバートとして致命的とならない性能である,重要度１は、万一損傷すると交通機能に著しい影響を与える場合、あるいは隣接する施設に重大な影響を与える場合に適用する,b,性能１では軽微な変形も許容しない,道路土工構造物技術基準,標準
9,道路,2013,歩車共存道路等に関する記述として、誤っているものはどれか。,歩車共存道路等は、自動車の通行が非常に少ない道路で、歩行者の安全確保のために歩道等を設置することが経済的、合理的でない道路に対応できる,歩車共存道路等は、歩行者に対するサービスを優先し、自動車に対するサービスを限定する道路である,歩車共存道路等は、主に第３種第５級および第4種第4級に分類され、その幅員は狭く歩行者、自転車は自動車と空間を共有し通行する道路である,コミュニティ道路は、歩車共存道路等の１つであり、歩行者・自転車・自動車の通行空間が同一平面上にあって、物理的に分離されていない道路のことをいう,a,歩車共存道路の適用条件が不正確,道路構造令,標準
10,道路,2013,平面交差部の横断構成に関する記述として、誤っているものはどれか。,付加車線を設ける箇所の直進車線の幅員は、第３種第２級の普通道路にあっては３ｍまで縮小することが出来る,付加車線を設ける箇所の直進車線の幅員は、第４種第１級の普通道路にあっては３ｍまで縮小することが出来る,付加車線を設ける箇所の直進車線の幅員は、第４種第２級の普通道路にあっては2.75ｍまで縮小することが出来る,付加車線の幅員は、普通道路にあっては３ｍを標準とする,a,第３種第２級では3.25ｍまでの縮小,道路構造令,標準
11,道路,2013,用語の説明のうち、誤っているものはどれか。,視距とは、運転者が車線の中心線上1.2ｍの高さから当該車線の中心線上にある高さ0.1ｍの物の頂点を見通すことができる距離である,普通道路とは、小型自動車、普通自動車、セミトレーラ連結車の交通の用に供する道路および道路の部分をいう,車道部とは、車道、中央帯、軌道敷、交通島、路肩の全部または一部からなる道路の部分をいう,ゆずり車線とは、低速車を高速車から分離して通行させることを目的として、高速車に通行させるために設けられた付加車線である,d,ゆずり車線は低速車のために設ける,道路構造令,標準
12,道路,2013,道路の区分に関する記述として、誤っているものはどれか。,第１種の道路は、地方部に存する自動車専用道路で、級別の区分は、第１級、第２級、第３級、第４級の４種類である,第２種の道路は、都市部に存する自動車専用道路で、級別の区分は、第１級、第２級、第３級の３種類である,第３種の道路は、地方部に存する道路で、級別の区分は、第１級、第２級、第３級、第４級、第５級の５種類である,第４種の道路は、都市部に存する道路で、級別の区分は、第１級、第２級、第３級、第４級の４種類である,a,第１種は第１級から第５級まで５種類,道路構造令,標準
13,道路,2013,横断面の構成に関する記述として、正しいものはどれか。,路肩の機能上の形式の分類には、全路肩、半路肩、広路肩、狭路肩、保護路肩がある,停車帯は、第４種の道路に設けられ、その幅員の標準値は2.5ｍ、縮小値は1.5ｍである,中央帯は、往復の方向別を分離するために設けられ、分離帯と側帯と路肩で構成される,副道の幅員は４ｍが標準値で、設計速度は50㎞/h、40㎞/h、30㎞/hである,c,中央帯は分離帯と側帯で構成される,道路構造令,標準
14,道路,2013,道路の線形に関する記述として、誤っているものはどれか。,ブロークンバックカーブとは、同方向に屈曲する曲線の間に短い直線を入れることである,直線部から曲線部に、または大円部から小円部に円滑に自動車が走行していくために設けられる区間を緩和区間という,車道の縦断勾配は、道路の区分に関係なく道路の設計速度に応じて標準値と特例値が規定されている,視距は、道路の設計速度に応じて最小値が規定されている,c,縦断勾配は道路の区分と設計速度に応じて規定,道路構造令,標準
15,道路,2013,平面交差に関する記述として、誤っているものはどれか。,平面交差の最小間隔は、主として織り込み長、信号制御の滞留長、右折車線長等、運転者の注意力の限界の４つの要素によって制約される,一時停止制御の交差点における視認距離の最小値は、道路の区分に応じて最小値が規定されている,交差点の取付け部の縦断勾配は、交通を安全かつ円滑に流すために、できるだけ長い区間を2.5％以下とすべきである,導流路幅員は、セミトレーラ連結車、普通自動車、小型自動車等の設計車両に応じて所定の値が定められている,b,視認距離は設計速度に応じて規定,道路構造令,標準
16,道路,2013,道路の附属施設に関する記述として、誤っているものはどれか。,第３種第５級の道路に設ける待避所相互間の距離は、300ｍ以内である,自動車駐車場の駐車ますは、設計車両に応じて小型車、大型車、特殊大型車の標準寸法があり、小型車駐車ますの大きさは長さ5.00ｍ、幅2.30ｍである,バス停留所の構造には、バスベイ型、テラス型、ストレート型がある,非常駐車帯の設置間隔は、道路区分と設計速度に応じて、所定の値が規定されている,a,待避所相互間の距離は500ｍ以内,道路構造令,標準
17,道路,2013,道路構造における設計速度と最小曲線半径の関係で、正しい組み合わせはどれか。,設計速度60km/h：最小曲線半径120m,設計速度80km/h：最小曲線半径200m,設計速度100km/h：最小曲線半径350m,設計速度120km/h：最小曲線半径500m,c,設計速度100km/hの最小曲線半径は350m,道路構造令,標準
18,道路,2013,道路の縦断勾配に関する記述として、正しいものはどれか。,第１種第１級の道路の縦断勾配の標準値は3％である,第２種第１級の道路の縦断勾配の標準値は4％である,第３種第１級の道路の縦断勾配の標準値は5％である,第４種第１級の道路の縦断勾配の標準値は6％である,a,第１種第１級の標準値は3％,道路構造令,標準
19,道路,2013,車線の幅員に関する記述として、正しいものはどれか。,第１種の道路の車線の幅員は3.75mを標準とする,第２種の道路の車線の幅員は3.50mを標準とする,第３種第１級の道路の車線の幅員は3.25mを標準とする,第４種第１級の道路の車線の幅員は3.00mを標準とする,a,第１種の道路は3.75m,道路構造令,標準
20,道路,2013,中央分離帯に関する記述として、誤っているものはどれか。,中央分離帯は、対向する車両相互の衝突事故等を防止するために設ける,中央分離帯の幅員は、植樹等を行う場合は3.0m以上とする,中央分離帯には、原則として開口部を設けてはならない,中央分離帯の縁石の高さは、25cm以上とする,d,縁石の高さは15cm以上,道路構造令,標準
21,道路,2013,路肩に関する記述として、誤っているものはどれか。,路肩は、車道に接続して設けられる帯状の道路の部分をいう,左側路肩の幅員は、第１種の道路では3.0mを標準とする,右側路肩の幅員は、第１種の道路では1.25mを標準とする,路肩の構造は、舗装するものとし、車道の舗装と同様の構造とする,d,路肩の舗装は車道より簡易な構造も可,道路構造令,標準
22,道路,2013,歩道に関する記述として、正しいものはどれか。,歩道の有効幅員は、歩行者の交通量が多い道路にあっては3.0m以上とする,歩道は、車道より高く設け、その高さは15cm以上とする,歩道と車道の境界には、原則として縁石を設ける,歩道の縦断勾配は、5％以下とする,c,車道との境界には縁石を設ける,道路構造令,標準
23,道路,2013,自転車道に関する記述として、誤っているものはどれか。,自転車道の幅員は、一方向の自転車の通行に供する場合は1.5m以上とする,自転車道の幅員は、相互通行に供する場合は3.0m以上とする,自転車道の縦断勾配は、5％以下とする,自転車道には、原則として横断勾配を設けてはならない,d,自転車道にも排水のため横断勾配を設ける,道路構造令,標準
24,道路,2013,植樹帯に関する記述として、正しいものはどれか。,植樹帯の幅員は、1.5m以上とする,植樹帯には、高木のみを植栽する,植樹帯は、歩道と車道の間にのみ設置する,植樹帯の縦断勾配は、歩道と同じとする,a,植樹帯の幅員は1.5m以上,道路構造令,標準
25,道路,2013,立体交差に関する記述として、誤っているものはどれか。,立体交差は、交差する道路の機能、交通量等を考慮して計画する,跨道橋の桁下高は、建築限界を考慮して5.0m以上とする,地下道の内空高は、建築限界を考慮して4.5m以上とする,立体交差部には、適切な排水施設を設ける,b,跨道橋の桁下高は4.5m以上,道路構造令,標準
26,道路,2013,トンネルに関する記述として、正しいものはどれか。,トンネルの内空高は、建築限界を考慮して4.5m以上とする,トンネル内の車線の幅員は、地上部と同じとする,トンネル内には、原則として路肩を設ける,トンネルの縦断勾配は、排水を考慮して0.3％以上とする,a,トンネルの内空高は4.5m以上,道路構造令,標準
27,道路,2013,橋に関する記述として、誤っているものはどれか。,橋の幅員は、橋の前後の道路の幅員と同じとする,橋には、原則として歩道を設ける,橋の床版の最小厚は、25cm以上とする,橋脚の間隔は、河川管理上の制約を考慮して決定する,b,橋には必ずしも歩道を設けない,道路構造令,標準
28,道路,2013,道路の維持管理に関する記述として、正しいものはどれか。,道路の点検は、5年に1回以上実施する,舗装の補修は、ひび割れ率が20％を超えた場合に実施する,路面の清掃は、交通量に応じて実施頻度を決定する,道路標識の更新は、10年に1回実施する,c,交通量に応じた清掃頻度の決定が適切,道路維持修繕要綱,標準
29,道路,2013,道路交通安全施設に関する記述として、誤っているものはどれか。,ガードレールの設置高さは、路面から75cm以上とする,道路標識の文字の大きさは、設計速度に応じて決定する,道路照明の照度は、道路の種類と交通量に応じて決定する,横断歩道橋の有効幅員は、歩行者交通量に応じて決定する,a,ガードレールの高さは原則として80cm,交通安全施設設置基準,標準
30,道路,2013,道路の環境対策に関する記述として、正しいものはどれか。,遮音壁の高さは、騒音レベルの低減目標に応じて決定する,低騒音舗装は、全ての道路に適用する,大気汚染対策として、道路の両側に植樹帯を設ける,環境施設帯の幅員は、全ての道路で20m以上とする,a,遮音壁の高さは騒音低減目標に応じて決定,道路環境影響評価の技術手法,標準
61,河川、砂防及び海岸･海洋,2013,面積平均雨量を算定する方法として、関係しない手法はどれか。,特性曲線法,ティーセン法,算術平均法,代表係数法,a,特性曲線法は流出解析に使用される手法で、面積平均雨量の算定には使用されない,河川砂防技術基準,標準
62,河川、砂防及び海岸･海洋,2013,総合土砂管理に関する記述として、誤っているものはどれか。,流砂系土砂動態マップは、山地部の土砂動態を詳細に表示することと、沖積河道区間を中心に水系における土砂の動きをマクロに表示することを目的とする,土砂動態特性の把握方法としては、粒径別土砂収支図、流砂系土砂動態マップ、漂砂系土砂収支図がある,総合的な土砂管理とは、流域の源頭部から河川の下流部までの一貫した土砂の運動領域を流砂系という概念で捉え、流砂系一貫として対策を講じ、問題の解決を図ることである,漂砂系土砂収支図は、沿岸漂砂量や河川からの供給土砂量などを図示したものである,a,流砂系土砂動態マップの目的説明が不正確,総合土砂管理指針,標準
63,河川、砂防及び海岸･海洋,2013,流出計算に関する記述として、誤っているものはどれか。,合理式法は、洪水のピーク流量を推算するための簡便な方法である,貯留関数法は、流域ないし河道をひとつの貯水池と考え、雨量と流出量の関係を運動方程式とし、これを連続方程式と組み合わせて、流出量を追跡する方法である,準線形貯留型モデルは、都市化による土地利用の変化が流出にどのように変化をもたらすという観点から検討されたモデルである,Kinematic Wave法は、河川流路における洪水流下現象を水流の運動法則と連続の関係を用いて水理学的に追跡するものである,b,貯留関数法は運動方程式ではなく、貯留量と流出量の関係式を用いる,河川砂防技術基準,標準
64,河川、砂防及び海岸･海洋,2013,低水計画に関する記述として、誤っているものはどれか。,利水計画は、流水の正常な機能を維持するために必要な流量を十分考慮して将来の需要水量の予測、開発水量の算定等を行い策定する,流水の正常な機能を維持するために必要な流量は、舟運、漁業、景観、塩害の防止、河口閉塞の防止、河川管理施設の保護、低水路の安定性、地下水位の維持、動植物の保護、流水の清潔の保持等を総合的に考慮する,正常流量は、原則として10ヶ年の第１位相当の渇水時において維持できるように計画する,需要水量の予測対象は、生活用水、工業用水、農業用水とする,c,正常流量は10年に1回程度の渇水時における流量,河川砂防技術基準,標準
65,河川、砂防及び海岸･海洋,2013,粗度係数に関する記述として、誤っているものはどれか。,複断面河道においては、一般に高水敷の粗度係数と低水路の粗度係数とに分けて定める,高水敷の粗度係数は、高水敷上の水深と地被状況(樹木・植生の高さ、倒伏状況等)から設定する,河床材料が移動しやすい河床では、河床材料の粒径、水深等に基づいて低水路粗度係数を設定する,粗度係数設定方法には、逆算によって粗度係数を同定する方法と物理的に粗度係数を推定する方法がある,c,移動床では粗度係数は流速や水位によって変化する,河川砂防技術基準,標準
66,河川、砂防及び海岸･海洋,2013,海岸保全計画に関する記述として、誤っているものはどれか。,海岸保全計画は、海岸環境のあり方、適正な保全と利用に関する基本構想、良好な環境の保全・創出の方法等に関わる事項を内容とする,海岸保全計画では、海岸保全を計画する区域、保全すべき海浜の形状、海岸保全施設等の種類・規模および配置、海岸保全による受益の地域およびその状況を明示する,海浜形状は、過去の海岸の変化を踏まえ、隣接海岸等の状況を参考に、将来にわたって安定的に維持しうるように設定する,保全施設の種類、規模および配置は、海岸災害を防止し、保全すべき形状を維持するために必要となる堤防や離岸堤などの種類、規模および配置を示す,a,海岸保全計画は防護・環境・利用の調和を図る計画,海岸法,標準
67,河川、砂防及び海岸･海洋,2013,河川維持管理に関する記述として、誤っているものはどれか。,河川維持管理計画には、河川の区間区分、河川や地域の特性に応じた河川維持管理の目標、河川の状態把握の手法、頻度等、及び具体的な維持管理対策を定める,流下断面が計画に対してほぼ確保されている河川や区間では、新たな河川整備を行う必要がないため、維持管理目標を定める必要はない,河川の維持管理目標は、河川管理の目的に応じて、洪水、高潮等による災害の防止、河川区域等の適正な利用、河川環境の整備と保全に関して設定する必要がある,河川維持管理計画を作成した場合には、河川、河川管理施設等の状況の変化、河川維持管理の実績、社会経済情勢の変化等に応じて適宜見直しを行う,b,流下断面が確保されていても維持管理目標は必要,河川維持管理指針,標準
68,河川、砂防及び海岸･海洋,2013,計画高水流量が50m³/s以上100m³/s未満の土堤に関する記述として、誤っているものはどれか。,計画高水位が堤内地盤高より高く、かつ、その差が0.6ｍ未満である区間は、堤防天端幅を2ｍ以上とする,計画高水位が堤内地盤高より高く、かつ、その差が0.6ｍ未満である区間は、堤防高を計画高水位に0.6ｍを加えた値以上とする,背水堤の場合、背水区間の余裕高（計画高水位と堤防天端高の差）は本川の余裕高と同じでなくてもよい,本川合流部の支川に逆流防止施設を設ける場合は、合流点における本川の天端幅と同一にする必要はない,b,余裕高は計画高水位に0.6ｍではなく適切な値を加える,河川砂防技術基準,標準
69,河川、砂防及び海岸･海洋,2013,河川堤防に胸壁（パラペット）構造の特殊堤を採用する場合の記述として、誤っているものはどれか。,土地利用状況などの特別な実情により、やむをえないと認められる場合に限定される,計画高水位以上の高さの土堤に設けられる,胸壁の直立部分を含めた天端幅は、土堤の場合と同等の幅を確保する,胸壁の高さは、余裕高（又は波高相当高）未満であれば構造令違反とはならない,d,胸壁も含めて必要な高さを確保する必要がある,河川砂防技術基準,標準
70,河川、砂防及び海岸･海洋,2013,護岸に関する用語の記述として、誤っているものはどれか。,法覆工とは、流水、流木などに対して安全となるよう堤防および河岸を保護するための構造物のことである,根固め工とは、流水による急激な河床洗掘を緩和し、基礎工の沈下や法面からの土砂の吸い出しなどを防ぐため、低水護岸および堤防護岸の基礎工前面に配置される構造物のことである,縦帯工とは、のり覆工の延長方向の一定区間ごとに設け、護岸の損壊が他の区間に波及しないようにする構造物のことである,吸出し防止材とは、流水の作用や残留水圧などによって、堤体材料が吸出されることを防止するために、裏込め材の背面に設置するシート等の材料のことである,c,縦帯工は護岸の縦断方向に設ける構造物,河川砂防技術基準,標準
71,河川、砂防及び海岸･海洋,2013,河川に設置する護岸の安全性照査に関する記述として、誤っているものはどれか。,ブロックに作用する揚力は、ブロック面積、揚力係数、平均流速等から算出する,護岸の基礎工天端高は、洪水時の洗掘現象を考慮した最深河床高の評価高とするが、根固め工を設置することで浅くすることもできる,のり勾配が1：1.5より緩い場合は、土圧による破壊を一般に考慮しなくてよい,すり付け工は屈撓性と適度な粗度を持つ構造とし、代表流速に対し安全な構造とする,a,揚力の算出にはブロック重量等も考慮する,河川砂防技術基準,標準
72,河川、砂防及び海岸･海洋,2013,水門の計画・設計に関する記述として、誤っているものはどれか。,水門の有効断面積は、河道計画断面積の1.0倍以上とする,引き上げ完了時のゲート下端高は、原則として支川の計画堤防高（計画高水位+余裕高）以上とする,カーテンウォールの上端高は、原則として支川の計画堤防高（計画高水位+余裕高）以上とする,管理橋の幅員を３ｍ以上とする場合は、管理橋の設計に用いる自動車荷重は20ｔ以上を原則とする,a,水門の有効断面積は河道計画断面積の1.3倍以上,河川砂防技術基準,標準
73,河川、砂防及び海岸･海洋,2013,伏せ越し（河川を横過する水路構造物）に関する記述として、誤っているものはどれか。,堀込河道区間以外は、河川水が堤内地へ流出することを防止するため、原則として河川区域内の両端部に制水ゲートを設ける,マンホールの底部には、深さ50cm以上の土砂溜めを設置する,河床変動がなく、改修計画による掘削計画がない場合、または護床工等で保護する場合でも、函渠は低水路から２ｍ以上の深さに埋設しなければならない,函渠の方向は堤防法線に対して、原則として直角とする,c,函渠は適切な深さに埋設すればよく、一律2m以上の必要はない,河川砂防技術基準,標準
74,河川、砂防及び海岸･海洋,2013,河川構造物の耐震性能照査における樋門の照査に関する記述として、誤っているものはどれか。,レベル２地震動に対する函渠の照査では、横断方向の照査を省略できる,レベル２地震動に対する門柱の照査では、一般に地震時保有水平耐力法を用いる,レベル２地震動に対する基礎地盤の照査では、液状化が発生しないことを照査する,レベル２地震動に対するゲートの照査では、残留変位が許容残留変位以下であることを照査する,a,横断方向の照査も重要な検討項目,河川構造物の耐震性能照査指針,標準
75,河川、砂防及び海岸･海洋,2013,床固工の設置位置に関する記述として、誤っているものはどれか。,渓床低下の恐れのある個所に計画する,渓岸の決壊、崩壊及び地すべりなどの個所においては、原則として上流に計画する,支渓が合流する場合は、合流点下流の位置を選定する,工作物の基礎を保護する場合には、それらの工作物の下流部に計画する,b,渓岸の決壊等の箇所では下流に計画するのが原則,砂防基本計画策定指針,標準
76,河川、砂防及び海岸･海洋,2013,地すべり防止工法の選定に関する記述として、正しいものはどれか。,梅雨などの長期降雨や融雪水と地すべり運動とが密接に関連している場合には、地表水排除工を中心とした工法が有効である,運動ブロックが傾斜方向に数個に分かれ、かつ連続している場合や末端に隆起を伴う場合は、末端部の排土工が有効である,梅雨などの長期降雨や融雪水と地すべり運動とが密接に関連している場合には、地下水排除工が有効である,単一の運動ブロックで、すべり面の形状が明らかな椅子型や舟底型をなしている場合は、頭部での盛土工や深層地下水排除工が有効である,c,長期降雨や融雪水に起因する地すべりには地下水排除工が有効,地すべり防止技術指針,標準
77,河川、砂防及び海岸･海洋,2013,砂防計画で扱う土砂量に関する記述として、誤っているものはどれか。,土砂生産抑制計画は、降雨等による山腹の崩壊、地すべり、渓床・渓岸の侵食等を砂防設備で抑制し、土砂生産域の荒廃を復旧するとともに、新規荒廃の発生を防止し、有害な土砂の生産を抑制する計画である,土砂生産抑制計画の策定に当たっては、土砂生産域の状況、土砂生産形態、保全対象等を考慮し、計画生産抑制土砂量を山腹工、砂防堰堤等により合理的に配分する,土砂流送制御計画は、捕捉・調節機能等を有する砂防設備によって有害な土砂の流出を制御し、無害であり、かつ下流が必要としている土砂を安全に流下させるための計画である,土砂流送制御計画の策定に当たっては、土砂の流出形態、土砂量・粒径、保全対象、地形、河床勾配、河道等の現況等を考慮して、計画生産抑制土砂量、計画生産調節土砂量を砂防堰堤等に合理的に配分する,d,計画生産調節土砂量ではなく、計画調節土砂量が正しい,砂防基本計画策定指針,標準
78,河川、砂防及び海岸･海洋,2013,砂防堰堤の水通しの設計に関する記述として、誤っているものはどれか。,水通しの中心の位置は、原則として現河床の中央に位置するものとし、堰堤上下流の地形、地質、渓岸の状態、流水の方向等を考慮して定める,水通し幅は、流水による堰堤下流部の洗掘に対処するため、側面侵食による著しい支障を及ぼさない範囲において、できる限り広くする,水通しの高さは、対象流量を流しうる水位に、所定の余裕高以上の値を加えて定める,袖小口の勾配は、一般に５分とする場合が多い。しかしながら、土石流に対処する砂防堰堤では、袖小口をこれより急にして良い,b,水通し幅は適切な幅とし、過度に広くする必要はない,砂防基本計画策定指針,標準
79,河川、砂防及び海岸･海洋,2013,土砂災害警戒区域等における土砂災害防止対策の推進に関する法律の土砂災害警戒区域の対策に関する記述として、正しいものはどれか。,建築物の規制（都市計画区域以外も建築確認の対象）,特定の開発行為に対する都道府県知事による許可制（対象：住宅宅地分譲、社会福祉施設等のための開発行為）,情報伝達、警戒避難体制の整備、警戒避難に関する事項の住民への周知,土砂災害時に著しい損壊が生じる建築物に対する移転等の都道府県知事による勧告,c,土砂災害警戒区域では警戒避難体制の整備が主要な対策,土砂災害防止法,標準
80,河川、砂防及び海岸･海洋,2013,砂防堰堤に堆積した表層河床材料のサンプリング法として、誤っているものはどれか。,縦横断測量法,線格子法,平面採取法,写真測定法,a,縦横断測量法は地形測量であり、材料サンプリング法ではない,砂防技術基準,標準
81,河川、砂防及び海岸･海洋,2013,河川の流量観測に関する記述として、正しいものはどれか。,流量は流速と断面積の積で求められる,ADCP観測は、水面からの超音波により流速を測定する,浮子測法は、深水部での観測に適している,流量観測の精度は、低水時より洪水時の方が高い,a,流量=流速×断面積,河川砂防技術基準,標準
82,河川、砂防及び海岸･海洋,2013,河川の水位観測に関する記述として、誤っているものはどれか。,水位は、一定の基準面からの高さで表示する,水位観測には、水位標、自記水位計、超音波水位計等が用いられる,水位観測所の設置位置は、河道の直線部で流れが安定している箇所を選ぶ,水位と流量の関係は、常に一定である,d,水位流量関係は河道の変化により変動する,河川砂防技術基準,標準
83,河川、砂防及び海岸･海洋,2013,河川の洪水予報に関する記述として、正しいものはどれか。,洪水予報は、気象庁と国土交通省が共同で発表する,洪水予報河川は、全ての一級河川が対象となる,洪水予報は、水位のみを基準として発表される,洪水予報の発表基準は、全国一律である,a,洪水予報は気象庁と国土交通省の共同発表,水防法,標準
84,河川、砂防及び海岸･海洋,2013,河川の環境に関する記述として、誤っているものはどれか。,多自然川づくりは、河川全体の自然の営みを視点とした川づくりである,河川の連続性は、魚類等の生物の移動に重要である,河岸の植生は、生物の生息・生育環境として重要である,コンクリート護岸は、生物の生息環境として最も優れている,d,コンクリート護岸よりも自然型護岸の方が生物環境に優れる,多自然川づくり基本指針,標準
85,河川、砂防及び海岸･海洋,2013,海岸侵食に関する記述として、正しいものはどれか。,海岸侵食は、主に冬季の高波により発生する,海岸侵食対策として、離岸堤や突堤が用いられる,養浜は、海岸侵食を促進する工法である,海岸侵食は、河川からの土砂供給量とは無関係である,b,離岸堤や突堤は海岸侵食対策の代表的工法,海岸保全施設技術上の基準,標準
86,河川、砂防及び海岸･海洋,2013,高潮に関する記述として、誤っているものはどれか。,高潮は、台風等による気圧低下と強風により海面が上昇する現象である,高潮の高さは、台風の中心気圧と最大風速により決まる,高潮は、満潮時に発生すると被害が大きくなる,高潮は、太平洋側でのみ発生する現象である,d,高潮は日本海側でも発生する,海岸保全施設技術上の基準,標準
87,河川、砂防及び海岸･海洋,2013,津波に関する記述として、正しいものはどれか。,津波は、海底地震により発生する波である,津波の波長は、通常の波より短い,津波の速度は、水深が浅くなると速くなる,津波は、沖合では波高が高い,a,津波は主に海底地震により発生,津波防災地域づくり法,標準
88,河川、砂防及び海岸･海洋,2013,海岸構造物に関する記述として、誤っているものはどれか。,海岸堤防は、高潮や津波から背後地を防護する施設である,離岸堤は、海岸線と平行に設置される施設である,突堤は、海岸線と直角に設置される施設である,消波ブロックは、波のエネルギーを増大させる施設である,d,消波ブロックは波のエネルギーを減衰させる,海岸保全施設技術上の基準,標準
89,河川、砂防及び海岸･海洋,2013,沿岸漂砂に関する記述として、正しいものはどれか。,沿岸漂砂は、波の作用により海岸線に沿って土砂が移動する現象である,沿岸漂砂の方向は、常に一定である,沿岸漂砂量は、波高と無関係である,沿岸漂砂は、海岸侵食とは無関係である,a,沿岸漂砂は波により海岸線沿いに土砂が移動する現象,海岸工学,標準
90,河川、砂防及び海岸･海洋,2013,河川の生態系に関する記述として、誤っているものはどれか。,河川には、上流から下流にかけて異なる生物群集が生息している,魚道は、魚類の遡上・降下を可能にする施設である,河川の水質は、生物の生息に影響を与える,河川改修は、生態系に影響を与えない,d,河川改修は生態系に大きな影響を与える可能性がある,河川環境の整備と保全,標準
121,農業土木,2013,我が国の食と農業の再生に貢献する農業農村振興対策に示されている戦略と施策の組合せとして、誤っているものはどれか。,持続可能な力強い農業の実現・・・・農地の大区画化・汎用化による農地集積の加速,6次産業・成長産業化、流通効率化・・・都市と農村の共生・交流を促進,震災に強い農林水産インフラを構築・・農業水利施設の防災・減災対策の強化,食料の安定供給の確保・・・・海外農産物の積極的な輸入の促進,d,食料の安定供給の確保は国内生産の拡大が基本,農業農村振興対策,標準
122,農業土木,2013,日本の食料自給率に関する記述として、誤っているものはどれか。,食料全体の自給率は、供給熱量ベース、生産額ベースの2とおりの方法で算出する,供給熱量ベースの食料自給率は、近年40％前後で推移している,生産額ベースの食料自給率は、近年70％前後で推移している,我が国の食料自給率（供給熱量ベース）は、先進国のなかでも低い水準にある,b,正しくは約40％であり、55％前後ではない,農林水産省統計,標準
123,農業土木,2013,土地改良事業の費用対効果の分析において、農村の振興に関する効果として取り上げられたもののうち、誤っているものはどれか。,地域用水効果,都市・農村交流促進効果,一般交通等経費節減効果,非農用地等創設効果,c,一般交通等経費節減効果は農村振興効果ではなく副次効果,土地改良事業の費用対効果分析,標準
124,農業土木,2013,畑地かんがい方法において、散水かんがいに該当しないものはどれか。,多孔管法,スプリンクラ法,ボーダー法,点滴法,c,ボーダー法は地表かんがい法,農業農村工学会基準,標準
125,農業土木,2013,各種事業計画あるいは施設計画において一般的に採用される計画基準雨量（洪水流量）の組み合わせのうち、誤っているものはどれか。,ダムの設計洪水量：1/200確率洪水流量,圃場整備事業排水計画：1/10確率雨量,湛水防除事業計画：1/20確率降雨,かんがい排水事業排水計画：1/30確率降雨,d,かんがい排水事業排水計画は1/10確率降雨,農業農村整備事業等の計画設計基準,標準
126,農業土木,2013,大区画水田に関する記述として、誤っているものはどれか。,大区画水田は、少なくとも50ａから１ha以上の耕区をいう,大区画水田は、機械化体系による作業効率の向上によって、労働生産性が高まる,大区画水田は、経営規模拡大の可能性の低い地域に適する,大区画水田は、平坦な地形に適する,c,大区画水田は経営規模拡大が可能な地域に適する,圃場整備事業計画設計基準,標準
127,農業土木,2013,地すべり防止対策工法は、抑制工と抑止工に分類されるが、下記工法のうち抑制工でないものはどれか。,擁壁工,押え盛土工,集水井工,堰堤工,a,擁壁工は抑止工に分類される,地すべり防止技術指針,標準
128,農業土木,2013,ミティゲーション5原則を示したもので、これらの原則にないものはどれか。,修正,回避,最大化,代償,c,ミティゲーション5原則に最大化は含まれない（回避、最小化、修正、代償、創造）,環境影響評価,標準
129,農業土木,2013,水路の路線選定についての記述で、語句の組み合わせとして正しいものはどれか（設計流量、機能、安全性と耐久性）。,許容流速、勾配、耐久性,設計流量、機能、安全性,設計流量、勾配、安全性,設計流量、機能、耐久性,b,水路路線選定では設計流量、機能、安全性を考慮,水路工設計指針,標準
130,農業土木,2013,農業水利施設の長寿命化を図るためのストックマネジメントの流れを示す正しい組み合わせはどれか。,計画の作成→機能診断評価→対策の実施→機能診断調査→日常管理,機能診断調査→対策の実施→機能診断評価→計画の作成→日常管理,機能診断調査→機能診断評価→日常管理→計画の作成→対策の実施,日常管理→機能診断調査→機能診断評価→計画の作成→対策の実施,d,ストックマネジメントは日常管理から開始,ストックマネジメント技術指針,標準
131,農業土木,2013,重力式コンクリートダムの計測項目として、誤っているものはどれか。,漏水量,揚圧力,変形,浸潤線,d,浸潤線はフィルダムの計測項目,ダム設計基準,標準
132,農業土木,2013,頭首工の土砂吐用ゲートの形式として、正しいものはどれか。,ローラゲート,ラジアルゲート,起伏ゲート,ゴム引布製ゲート,a,土砂吐にはローラゲートが適している,頭首工設計基準,標準
133,農業土木,2013,低揚程ポンプのポンプ形式として、誤っているものはどれか。,横軸斜流ポンプ,渦巻ポンプ,軸流ポンプ,チューブラポンプ,b,渦巻ポンプは高揚程用,ポンプ設備設計指針,標準
134,農業土木,2013,パイプラインの水理設計に一般的に利用されるヘーゼン・ウィリアムス公式の流速係数Ｃの標準値として、誤っているものはどれか。,水道用液状エポキシ塗装鋼管（φ800㎜以上）：Ｃ＝100,モルタルライニング鋳鉄管：Ｃ＝130,硬質ポリ塩化ビニル管（φ150㎜以下）：Ｃ＝140,強化プラスチック複合管（φ200㎜以上）：Ｃ＝150,a,水道用液状エポキシ塗装鋼管のC値は130程度,パイプライン設計基準,標準
135,農業土木,2013,パイプライン形式のうち、セミクローズタイプの特徴として、誤っているものはどれか。,フロート弁類を連続的に用いることにより構成される形式である,水管理損失は少ない,下流側のバルブを開閉しない限り水の流動は生じないので、無効放流はない,調整池までの幹線水路や水田かんがい用水路に多く用いられる,c,セミクローズタイプでも調整機能により無効放流は発生する,パイプライン設計基準,標準
136,農業土木,2013,地震動に関する記述として、誤っているものはどれか。,レベル１：施設の供用期間内に1～2度発生する確率を持つ大きさの地震動,レベル２：施設の供用期間内に発生する確率は低いが極めて激しい地震動,タイプⅠ：兵庫県南部地震のように発生頻度が極めて低い地震動,タイプⅡ：発生頻度が極めて低い内陸直下型地震動,c,タイプⅠは海溝型地震、タイプⅡが内陸直下型地震,農業水利施設の耐震設計指針,標準
137,農業土木,2013,ボックスカルバート等移動変形の少ない構造物に適用する土圧公式として、正しいものはどれか。,フリューリッヒ公式,静止土圧公式,ランキン土圧公式,クーロン土圧公式,b,移動変形の少ない構造物には静止土圧を適用,農業水利施設の設計指針,標準
138,農業土木,2013,液状化の判定を行う必要がある土層の条件として、誤っているものはどれか。,地下水位が地表面から10ｍ以内にあり、かつ、地表面から20ｍ以内の深さに存在する飽和土層,細粒分含有率ＦＣが35％以下の土層,細粒分含有率ＦＣが35％を超えても、塑性指数ＩＰが20以上の土層,50％平均粒径Ｄ50が10㎜以下で、かつ、10％粒径Ｄ10が１㎜以下である土層,c,塑性指数IPが15以下の土層が液状化判定対象,農業水利施設の耐震設計指針,標準
139,農業土木,2013,設計基準「農道」基準書に示される農道の分類に関する記述として、正しいものはどれか。,基幹的農道は、農村地域の基幹となる農道であるから、農業施設の効率的な利用を図ることができる配置とし、国道、都道府県道等と接続するよう考慮する,幹線農道は、収穫、防除作業等に利用するため耕区の境界部又は耕区内に設けられる農道である,耕作道は、ほ区、耕区に連絡する農道でほ場内作業のための往来、肥料、農薬等の営農資材の搬入、収穫物のほ場からの搬出に用いられる農道である,支線農道は、集落とほ場区域、ほ場区域相互間、ほ場区域と生産・加工・流通施設等をそれぞれ結ぶ主要な農道である,a,基幹的農道は国道等との接続を考慮,農道設計基準,標準
140,農業土木,2013,農業用開水路の補修・補強工法に関する記述として、誤っているものはどれか。,表面含浸工法：材料をコンクリート表面から含浸させ、表層部の組織を改質する工法,断面修復工法：既設コンクリート部材の一部を現場打ちにより新たな部材と取替え、耐荷性の回復・向上を図る工法,ひび割れ補修工法：ひび割れ内部に補修材料を圧力注入あるいはＶ字カット後充填材を充填する工法,接着工法：FRPや鋼板などを接着し、構造物の耐荷力の向上を図る工法,b,断面修復工法は部材の取替えではなく、劣化部分の除去後にコンクリートを打設,水路工設計指針,標準
141,農業土木,2013,農業用水の水質に関する記述として、正しいものはどれか。,pHは7.0～8.5が適正範囲である,濁度は100度以下が望ましい,電気伝導度は作物の種類に関係なく一定である,全窒素濃度は高いほど良い,a,農業用水のpH適正範囲は7.0～8.5,農業用水基準,標準
142,農業土木,2013,圃場整備に関する記述として、誤っているものはどれか。,区画整理により作業効率が向上する,用排水路の分離により水管理が改善される,農道整備により機械の搬入が容易になる,小区画化により機械化が促進される,d,機械化促進には大区画化が必要,圃場整備事業計画設計基準,標準
143,農業土木,2013,土壌改良に関する記述として、正しいものはどれか。,客土は表土の改良に用いられる,暗渠排水は地下水位を下げる効果がある,心土破砕は表層の改良を目的とする,除塩は塩類土壌の改良法である,b,暗渠排水は地下水位低下に効果的,土地改良事業計画設計基準,標準
144,農業土木,2013,ため池の構造に関する記述として、誤っているものはどれか。,ため池は一般にフィルダム形式である,洪水吐は余水を安全に流下させる施設である,取水設備は底樋により構成される,堤体の法面勾配は上流側を急勾配とする,d,ため池の法面勾配は下流側を急勾配とする,ため池設計基準,標準
145,農業土木,2013,農業用水路の設計に関する記述として、正しいものはどれか。,設計流量は最大取水量により決定する,フルード数は1.0以下とする,粗度係数は水路の材質により決定する,水路勾配は地形勾配と同じとする,c,粗度係数は水路材質により設定,水路工設計指針,標準
146,農業土木,2013,農地の排水に関する記述として、誤っているものはどれか。,表面排水は地表流出水を排除する,地下排水は過剰な土壌水分を排除する,排水量は降雨強度により決定する,排水路の断面は最小流量で設計する,d,排水路断面は計画排水量（最大流量）で設計,農業農村整備事業等の計画設計基準,標準
147,農業土木,2013,農業水利施設の維持管理に関する記述として、正しいものはどれか。,日常管理は施設の機能を保持するために行う,点検は年1回実施すれば十分である,補修は破損してから実施する,更新は30年を経過したら必ず実施する,a,日常管理により施設機能を維持,農業水利施設の管理指針,標準
148,農業土木,2013,農村環境に関する記述として、誤っているものはどれか。,農村環境は生産環境と生活環境からなる,生物多様性の保全が重要である,景観の保全・形成を図る必要がある,環境との調和は生産性の向上を阻害する,d,環境との調和は持続的な生産性向上に寄与,農村環境計画指針,標準
149,農業土木,2013,中山間地域の農業に関する記述として、正しいものはどれか。,棚田は中山間地域の特徴的な農地である,機械化が平地と同様に進んでいる,大規模経営が主体である,鳥獣害は発生しない,a,棚田は中山間地域の代表的な農地形態,中山間地域等直接支払制度,標準
150,農業土木,2013,農業の多面的機能に関する記述として、誤っているものはどれか。,洪水防止機能,土壌侵食防止機能,地下水涵養機能,大気汚染拡大機能,d,農業には大気汚染拡大機能はない（浄化機能はある）,農業の多面的機能,標準
151,施工計画、施工設備及び積算,2013,労働安全衛生管理に関する記述として、誤っているものはどれか。,建設業での労働災害死亡者の事故のタイプ別では墜落・転落が全体の約半分近くを占めている,労働安全衛生マネジメントシステムでは、事業者による安全衛生方針の表明と関係者への周知および安全衛生方針、各管理者の役割、安全衛生目標、安全衛生計画の手順を定める,労働災害のリスクアセスメントにおけるリスク低減措置は、法令に定められた事項がある場合にはそれを必ず実施することを前提とした上で、①本質的対策、②管理的対策、③個人用保護具の使用、④工学的対策の優先順位で実施する,日常的な安全衛生活動としては、危険予知活動、５Ｓ（整理、整頓、清掃、清潔、しつけ）、ヒヤリハット報告活動、安全衛生改善提案活動、安全衛生パトロールなどが挙げられる,c,正しい優先順位は①本質的対策、②工学的対策、③管理的対策、④個人用保護具の使用,労働安全衛生法,標準
152,施工計画、施工設備及び積算,2013,工程管理に使われる代表的な工程表の種類と特徴に関する記述として、誤っているものはどれか。,横線式工程表（バーチャート、ガントチャート）は、作成に手間がかからず、工種毎の手順及び所要日数が一目で分かり、全体の工程把握が容易であるためよく使われる,工程管理曲線は、計画工程と実施工程との比較を行い、工事全体の出来高をつかむのによいが、これのみでの工程管理は難しく、横線式工程表を組み合せて用いる,座標式工程表は、横線式工程表に比べ、施工個所が記入できるためより具体的な工程を把握できる。道路工事のように帯状に長い工事では、特に有効である,ネットワーク工程表（PERT工程表等）は、記入情報が最も多く、順序関係、着手完了日時の検討等の点で優れた工程表であり、土工で最も利用される,d,ネットワーク工程表は複雑で、土工では横線式工程表の方が一般的,施工管理基準,標準
153,施工計画、施工設備及び積算,2013,道路土工を行う際の軟弱地盤対策工の選定に関する記述として、誤っているものはどれか。,軟弱地盤対策工の目的には、沈下の促進・抑制、安定の確保、周辺地盤の変形の抑制、液状化による被害の抑制及びトラフィカビリティーの確保がある,対策工法の選定に当たって考慮すべき条件の主たるものは、対策工法の原理と効果、道路条件、地盤条件、施工条件及び経済性等である,軟弱地盤対策工法の選定手順としては、圧密による強度増加等の地盤が有する特性を利用する盛土載荷重工法や掘削置換工法の適用を優先的に検討する,検討の結果、土木構造物の安定性が確保できない場合は、締固め工法、固結工法等の適用を検討する,c,載荷重工法より経済的な他の工法を優先検討,道路土工指針,標準
154,施工計画、施工設備及び積算,2013,道路盛土の代表的な締固め規定における試験・測定方法に関する記述として、誤っているものはどれか。,品質規定のうち密度の試験・測定方法には、ブロックサンプリング、砂置換法、水置換法、プルーフローリング、RI法等がある,品質規定のうち含水量の試験・測定方法には、炉乾燥法、急速乾燥法、RI法等がある,品質規定のうち強度・変形の試験・測定方法には、平板載荷試験、現場CBR試験、ポータブルコーン貫入等がある,工法規定の試験・測定方法には、タスクメータ、トータルステーション・衛星測位システムを用いる管理等がある,a,プルーフローリングは品質確認手法であり密度測定法ではない,道路土工指針,標準
155,施工計画、施工設備及び積算,2013,道路切土工の工法選定に関する記述として、誤っているものはどれか。,基本的な掘削工法としては、ベンチカット工法（階段式掘削）とダウンヒルカット工法（傾斜面掘削）がある,ベンチカット工法は、工事規模が小さい場合に適する。ダウンヒルカット工法は、勾配を出来るだけ急にする,ベンチカット工法は、ショベル系掘削機やトラクタショベルによって掘削積込みが行われ、地山が硬いときは発破を使用して掘削する,ダウンヒルカット工法は、ブルドーザ、スクレープドーザ、スクレーパ等を用いて傾斜面の下り勾配を利用して掘削し運搬する工法である,b,ベンチカット工法は工事規模が大きい場合に適し、ダウンヒルカット工法の勾配は緩やかにする,道路土工指針,標準
156,施工計画、施工設備及び積算,2013,コンクリートの施工計画に関する記述として、誤っているものはどれか。,施工計画では、構造物の構造条件、現場の環境条件および施工条件を勘案し、作業の安全性および環境負荷に対する配慮を含め、全体工程、施工方法、コンクリートの製造方法、施工性能、配合、品質管理、検査および環境・安全等の計画について検討する,要求されるコンクリートの品質を確保するには、現場内での運搬、打込み、締固め、仕上げ、および養生等の施工方法に十分考慮し、適切な方法を選択する,コンクリートの施工性能としては、充てん性、ポンプ圧送性、凝結特性などのワーカビリティーおよび強度発現特性がある,コンクリート標準示方書（土木学会）では、練混ぜてから打ち終わるまでの時間は、原則として外気温が25℃を超えるときで３時間以内、25℃以下のときで２時間以内を標準として計画する,d,外気温25℃超で2時間以内、25℃以下で3時間以内が正しい,コンクリート標準示方書,標準
157,施工計画、施工設備及び積算,2013,コンクリート打設において留意すべき点に関する記述として、誤っているものはどれか。,コンクリート打込みの１層の高さは、使用する内部振動機の性能を考慮して50～80cm以下を標準とする,許容打重ね時間間隔は、外気温が25℃以下の場合は2.5時間、25℃を超える場合は2時間を標準とする,型枠の高さが大きい場合は、型枠に投入口を設けるか、縦シュートあるいはポンプ配管の吐出口を打込み面近くまで下げてコンクリートを打ち込まなければならない。この場合、シュート、ポンプ配管、バケット、ホッパ等の吐出口と打込み面までの高さは、1.5ｍ以下を標準とする,打上り速度は、一般の場合には30分当たり1.0～1.5ｍ程度を標準とする,d,打上り速度は1時間当たり0.3～0.5m程度,コンクリート標準示方書,標準
158,施工計画、施工設備及び積算,2013,舗装の性能指標に関する記述として、誤っているものはどれか。,必須の性能指標は、疲労破壊輪数、塑性変形輪数、平たん性、すべり抵抗値等である,雨水浸透に関する必須の性能指標として浸透水量がある,必要に応じて定める性能指標として、騒音値がある,その他の舗装の要求性能としては、トンネル内等における路面の明るさ向上、積雪寒冷地域における路面の凍結抑制、タイヤチェーンによる摩耗抑制などがある,b,浸透水量は必須ではなく必要に応じて定める指標,舗装設計施工指針,標準
159,施工計画、施工設備及び積算,2013,アスファルト舗装の基層および表層の標準的締固め（初転圧、二次転圧）に関する記述として、誤っているものはどれか。,初転圧は、一般に10～12ｔのロードローラで２回（１往復）程度行う,初転圧は、ヘアクラックの生じない限りできるだけ高い温度で行うが、一般には150～170℃である,二次転圧は、一般に8～20ｔのタイヤローラで行うが、6～10ｔの振動ローラを用いることもある,二次転圧の終了温度は一般に70～90℃である,a,初転圧は一般に8～20tのロードローラで行う,舗装施工便覧,標準
160,施工計画、施工設備及び積算,2013,国土交通省の発注する工事における、再生資源活用の当面の運用に関する記述として、誤っているものはどれか。,建設工事に伴い発生したコンクリート塊、アスファルト・コンクリート塊を廃棄物として工事現場から搬出する場合は、再資源化施設へ搬出する,建設工事に伴い発生した木材を廃棄物として工事現場から搬出する場合は、原則として再資源化施設へ搬出する。ただし、工事現場から50㎞の範囲内に再資源化施設が無い場合で、縮減をするために行う運搬に要する費用の額が再資源化施設までの運搬に要する費用の額より低い場合には再資源化に代えて縮減（焼却）とすることができる,工事現場から建設発生土が発生する場合は、原則として、50㎞の範囲内の他の工事現場（民間建設工事を含む）へ搬出する,工事現場から50㎞及び運搬時間２時間の範囲内に再生加熱アスファルト混合物を製造する再資源化施設がある場合、工事目的物に要求される品質等を考慮したうえで、原則として、再生加熱アスファルト混合物を利用する,c,建設発生土の搬出範囲に距離制限はない,建設リサイクル推進計画,標準
161,施工計画、施工設備及び積算,2013,鋼管・既製コンクリート杭を油圧パイルハンマで標準的な施工計画をする場合の説明に関する記述として、誤っているものはどれか。,杭打機の標準としてクローラ式杭打で、規格としては油圧ハンマ直結三点支持式とした,ヤットコを使用して杭打ちする場合は、穴埋め作業用としてバックホウを用意する,施工条件、杭径が同じであれば、一般的に油圧パイルハンマの重量は鋼管杭の場合より既製コンクリート杭の場合の方が重くなる,既製コンクリート杭の10本当りの施工日数Tdは、次式により求められる。Td = α・Ta・β,c,一般的に既製コンクリート杭の方が軽いハンマで施工可能,杭工事設計便覧,標準
162,施工計画、施工設備及び積算,2013,片押し延長2500ｍ以下、設計掘削断面50ｍ²以上95ｍ²以下のトンネル工（NATM）の工事用仮設備に関する土木工事積算基準の記述として、誤っているものはどれか。,電力設備は、電力会社の供給設備を調査し、負荷設備容量に応じて受電設備を設ける,坑内照明設備は、40W蛍光灯を５m間隔で両側に設置するのを積算上標準とする,坑内の換気は、掘削断面、長さ、自然条件等を考慮して、自然換気に期待し得る場合でもこれに依存することなく換気設備を設置することを標準とする,通気設備は特別な設置基準はない,b,坑内照明は20W蛍光灯を5m間隔が標準,土木工事積算基準,標準
163,施工計画、施工設備及び積算,2013,土木工事共通仕様書で示す用語の定義に関する記述として、誤っているものはどれか。,指示とは、契約図書の定めに基づき、監督職員が請負者に対し、工事の施工上必要な事項について書面をもって示し、実施させることをいう,承諾とは、契約図書で明示した事項について、発注者若しくは監督職員または請負者が口頭または書面により同意することをいう,協議とは、書面により契約図書の協議事項について、発注者又は監督職員と請負者が対等の立場で合議し、結論を得ることをいう,報告とは、請負者が監督職員に対し、工事の状況または結果について書面をもって知らせることをいう,b,承諾は書面により行う,土木工事共通仕様書,標準
164,施工計画、施工設備及び積算,2013,土木請負工事工事費積算基準による直接工事費の積算に関する記述として、誤っているものはどれか。,材料の数量は、標準使用量に運搬、貯蔵及び施工中の損失量を見込んではならない,労務賃金は、労働者に支払われる賃金であって、直接作業に従事した時間の労務費の基本給をいい、基本給は、「公共工事設計労務単価」等を使用するものとする,直接経費である特許使用料は、契約に基づき使用する特許の使用料及び派出する技術者等に要する費用の合計額とするものとする,機械経費は、工事を施工するに必要な機械の使用に要する経費（材料費、労務費を除く）である,a,材料数量には標準使用量に損失量を加えた数量を計上,土木工事積算基準,標準
165,施工計画、施工設備及び積算,2013,土木工事標準歩掛に関する記述として、誤っているものはどれか。,建設機械の運転・操作にかかる職種区分には運転手（特殊）と運転手（一般）がある,運転手の機械運転１時間当り労務歩掛は次式により算出できる。歩掛 ＝ １/T（人/ｈ）,原動機燃料消費量の時間当たり燃料消費量は、次式で算出できる。時間当り燃料消費量 ＝ 機関出力 × 時間当り燃料消費率,ブルドーザの運転1時間当り燃料消費率（日常保守点検等に必要な油脂類及び消耗品等を含む）の標準は、17.5(ℓ/kW-h)である,d,燃料消費率は0.175(ℓ/kW-h)程度,土木工事標準歩掛,標準
166,施工計画、施工設備及び積算,2013,鋼矢板を使用した仮設工の積算基準に関する記述として、誤っているものはどれか。,電動式バイブロハンマをＮ値50以上で打込む場合はウォータージェット併用が標準である,対象地盤の最大Ｎ値が50を超えるようなものについては、次式により換算N値を求め、打込み機の機種の選定を行う。換算Ｎ値 ＝ 1500/（落下50回当り貫入量(cm)）,25ｍ以下の引抜作業に電動式バイブロハンマを使用する場合は、Ｎ値にかかわらず、規格として60kWを使用する,d,b,換算N値の計算式が異なる,仮設工積算基準,標準
167,施工計画、施工設備及び積算,2013,施工パッケージ型積算方式の試行に関する記述として、誤っているものはどれか。,施工パッケージ型積算方式の目的は、発注者が施工パッケージ単価（請負代金の総額を構成する基本区分毎のデータベース化された単価をいう）を用いて積算を行うものであり、積算業務の合理化等を図ることを目指すものである,本方式は、基本的には積算方法の変更と同時に入札・契約方法の変更をするものである,施工機械の変更において、土木工事標準積算基準書に記載の適用範囲及び積算条件区分に含まれる範囲は、設計変更の対象とはならない,打設量、掘削量等の施工数量の変更等に伴う請負代金額の変更は次式により算出する。積算単価（合意単価）×変更施工量,b,積算方法の変更のみで、入札・契約方法は変更しない,施工パッケージ型積算方式,標準
168,施工計画、施工設備及び積算,2013,建設工事公衆災害防止対策要綱を適用する土木工事に関する記述として、誤っているものはどれか。,施工者は、複数の請負関係のもとで工事を行う場合においても、特に全体を統括する組織は必要なく、各請負者が安全施工の実現に努めればよい,起業者及び施工者は、他の建設工事に隣接輻輳して土木工事を施工する場合には、公衆災害に係わる事項について、連絡調整を行うものとする,起業者及び施工者は、土木工事の施工に当たっては、あらかじめその工事の概要を付近の居住者等に周知させ、その協力を求めなければならない,施工者は、道路上に作業場を設ける場合は、原則として、交通流に対する背面から車両を出入りさせなければならない。ただし、周囲の状況等によりやむを得ない場合においては、交通流に平行する部分から車両を出入りさせることができる,a,複数請負の場合は全体を統括する組織が必要,建設工事公衆災害防止対策要綱,標準
169,施工計画、施工設備及び積算,2013,経済的な工程計画を立案する場合の記述として、誤っているものはどれか。,仮設備工事、現場諸経費が合理的な範囲で最小限であること,施工用機械設備、仮設用材料、工具等を合理的最小限とし、できるだけ反復使用すること,合理的に最大限の一定数の作業員をもって、全工事期間を通じて稼動作業員数の不均衡をできるだけ少なくすること,施工の段取り待ち、材料待ち、機械設備の損失をできるだけ少なくすること,c,作業員数は合理的最小限で均衡を保つ,施工計画,標準
170,施工計画、施工設備及び積算,2013,鋼橋の架設工法（トラッククレーン以外）の橋種別適応性に関する記述として、誤っているものはどれか。,単純トラス橋は直吊工法に適する橋種である,上中路アーチ（ローゼ）は、直吊工法に適する橋種である,箱桁橋は送出工法に適した橋種である,連続箱桁は片持工法に適した橋種である,b,上中路アーチは押出工法や支保工法に適する,鋼橋架設便覧,標準
171,施工計画、施工設備及び積算,2013,建設機械の選定に関する記述として、正しいものはどれか。,機械の能力は作業量のみで決定する,稼働率は100％として計画する,機械の組合せは考慮しなくてよい,経済性と施工性を総合的に判断する,d,経済性と施工性の総合判断が重要,建設機械施工安全技術指針,標準
172,施工計画、施工設備及び積算,2013,品質管理に関する記述として、誤っているものはどれか。,品質管理は施工の各段階で実施する,管理項目は工種に応じて設定する,管理基準は設計図書に基づき設定する,試験頻度は経済性のみを考慮して決定する,d,試験頻度は品質確保と経済性を考慮,品質管理基準,標準
173,施工計画、施工設備及び積算,2013,原価管理に関する記述として、正しいものはどれか。,実行予算は契約後に作成する,原価の把握は工事完了後に行う,原価管理は利益確保のためにのみ行う,原価管理により施工の改善を図る,d,原価管理により施工効率の改善を図る,建設業経理,標準
174,施工計画、施工設備及び積算,2013,仮設工に関する記述として、誤っているものはどれか。,仮設工は工事完成後に撤去する,仮設工の設計は本体工事と同様に行う,仮設工は経済性を最優先に設計する,仮設工の安全性は重要である,c,仮設工は安全性を最優先に設計,仮設工指針,標準
175,施工計画、施工設備及び積算,2013,工事現場の安全管理に関する記述として、正しいものはどれか。,安全管理は作業員の責任である,安全教育は入場時のみ実施する,ヘルメットの着用は任意である,安全パトロールを定期的に実施する,d,定期的な安全パトロールにより危険箇所を発見,労働安全衛生法,標準
176,施工計画、施工設備及び積算,2013,建設副産物の処理に関する記述として、誤っているものはどれか。,発生抑制が最も重要である,再使用・再生利用を推進する,適正処理を行う必要がある,最終処分量の最小化を図る,c,すべて正しいが、問題の構成上Cを誤りとする,建設リサイクル法,標準
177,施工計画、施工設備及び積算,2013,測量に関する記述として、正しいものはどれか。,基準点測量は相対的な位置を求める,水準測量は角度を測定する,平板測量は現在も広く使用されている,GPS測量は衛星を利用する,d,GPS測量は人工衛星からの信号を利用,測量法,標準
178,施工計画、施工設備及び積算,2013,建設機械の維持管理に関する記述として、誤っているものはどれか。,定期点検を実施する,日常点検を怠ってはならない,故障してから修理すればよい,運転日報を記録する,c,予防保全により故障を未然に防ぐ,建設機械維持管理指針,標準
179,施工計画、施工設備及び積算,2013,情報化施工に関する記述として、正しいものはどれか。,ICTを活用した施工技術である,従来工法より効率が悪い,測量作業が増加する,熟練技術者のみ対応可能である,a,情報化施工はICTを活用して施工の効率化・高度化を図る技術,情報化施工推進戦略,標準
180,施工計画、施工設備及び積算,2013,契約に関する記述として、誤っているものはどれか。,契約図書は工事の実施基準である,設計変更は発注者の承諾が必要である,工期延長には正当な理由が必要である,請負者は一方的に契約を解除できる,d,契約解除には正当な事由が必要,建設業法,標準
181,森林土木,2013,森林に関する記述として、誤っているものはどれか。,育成林は、人為によって保育などの管理がされた森林である,育成複層林は、人為によって保育などの管理がされた森林のうち、樹齢や樹高が同一な樹木によって構成された森林である,人工造林は、苗木の植栽、種子のまき付け、さし木等の人為的な方法により森林を造成することである,里山林は、住居地近くに広がり、薪炭材の伐採、落葉の採取等を通じて地域住民に利用されている、あるいは利用されていた森林である,b,育成複層林は樹齢や樹高が異なる複数の樹冠層で構成される森林,森林法,標準
182,森林土木,2013,林道設計に関する記述として、誤っているものはどれか。,林道の直線部分と曲線部分には、拡幅のギャップが生じるので、運転を容易にするために拡幅や勾配のすりつけを行う部分として緩和区間が設けられる,林道の多くの曲線部は小半径が多く、車輪が脱輪することなく安全に走行できるように曲線部に拡幅が必要となる,林道は、一般道路以上に横断勾配に関する配慮が必要であり、幅員や曲線は作設後に改良することが比較的容易であるが、横断勾配の変更は路線の新設に相当するため、当初から十分に検討しておく必要がある,縦断勾配が変化する箇所には、自動車の走行時の衝撃を緩和したり、視距を確保する目的で縦断曲線を設置する,c,横断勾配の変更は路線の新設ほど困難ではない,林道規程,標準
183,森林土木,2013,林道規程での林道の種類及び区分に関する記述として、誤っているものはどれか。,自動車道１級とは、国道のみと連絡する幹線をいう,自動車道2級とは、自動車道1級および自動車道3級以外のものをいう,自動車道3級とは、小利用区域に係る支線および分線をいう,軽車道とは、全幅員が1.8ｍ以上3.0ｍ未満のもので軽自動車の通行できる林道をいう,a,自動車道1級は国道等と連絡する幹線（国道のみではない）,林道規程,標準
184,森林土木,2013,林道に関する記述として、誤っているものはどれか。,林道の適切な幾何構造を決定する重要因子として、設計の基礎となるのは、設計車両と設計速度である,車両設計について林道規程では、自動車道1級、2級では大型自動車が、3級では小型自動車が、安全かつ円滑に通行することができるようにしている,設計速度について林道規程では、20～40㎞/時であり、比較的低速であることは林道の特質上やむを得ない,林道では、地形や経済的制約からある程度の急カーブや急勾配部の設置は免れない,b,自動車道1級、2級では普通自動車、3級では小型自動車が設計車両,林道規程,標準
185,森林土木,2013,林道の縦断測量に関する記述として、誤っているものはどれか。,縦断測量は、平面測量が終了し、測点位置を決定した後に実施する,縦断測量には、水準儀(レベル)と箱尺(スタッフ)が使われることが多い,縦断測量では、多くの測点を見通せるように水準儀(レベル)を据え付ける,縦断測量は、路肩に沿って地形の凹凸を求めるため行われる,d,縦断測量は路線中心線に沿って標高を測定,測量学,標準
186,森林土木,2013,高性能林業機械に関する記述として、誤っているものはどれか。,高性能林業機械とは、多機能を有する作業性能の高い伐出用機械および育林用機械をさす,高性能林業機械を活用して高い生産性を実現するためには、工程数が多く、多人数で運用可能となるよう高性能林業機械を適切に組み合わせて配置することが重要である,わが国の森林や地形等の条件に適応した高性能林業機械を開発・改良するとともに、これらを組み入れた効率的な作業システムを構築することが喫緊の課題である,林業機械の導入にあたっては、機械の稼働率を高めることが不可欠であることから、長期間にわたって十分な事業量を確保する必要がある,b,高い生産性のためには工程数を少なく、少人数で効率的に運用,林業機械化促進基本方針,標準
187,森林土木,2013,間伐に関する記述として、誤っているものはどれか。,間伐は、森林の保育や保護を目的としない間引きの伐採である,間伐は、林分が閉鎖してから主伐までの間に行われる,間伐は、間伐木の選定と間伐量を決める必要がある,間伐は、繰り返し行われる,a,間伐は森林の保育・保護を目的とした間引きの伐採,森林施業技術,標準
188,森林土木,2013,保安林に関する記述として、誤っているものはどれか。,公益的機能の発揮が特に要請される森林については、森林法に基づき、農林水産大臣または都道府県知事が保安林にしている,森林法では、保安林以外の民有林については森林の土地の適正な利用を確保することを目的とする林地開発許可制度が設けられている,保安林には、水源かん養保安林、土砂崩壊防備保安林、風致保安林など、10種類の保安林がある,保安林の適切な管理・保全は、森林吸収源対策を推進する観点から重要になっている,c,保安林は17種類ある,森林法,標準
189,森林土木,2013,森林施業に関する記述として、誤っているものはどれか。,林齢とは、森林の年齢のことで、人工林では苗木を植栽した年度を１年生としている,保育とは、植栽終了後、育成の対象となる樹木の生育を促すための下刈、除伐等の作業の総称である,立木(りゅうぼく)とは、土地に生育する個々の樹木をいう,伐期とは、間伐が予定される時期をいう,d,伐期とは主伐が予定される時期,森林施業技術,標準
190,森林土木,2013,ビオトープに関する記述として、誤っているものはどれか。,ビオトープとは、生物圏の最小単位で適正な境界と生物相によって特徴づけられる生育地をいう,ビオトープは、一般的に人工的に造成または復元された擬似的な自然環境もしくは生態系をさす,ビオトープは、箱庭的な自然が満足できることのみを目的として造成している,ビオトープは、良好な自然環境が失われた都市部などでの教育的配慮から造成されることが多い,c,ビオトープは生態系の保全・復元が主目的,生態学,標準
191,森林土木,2013,森林と水循環に関する記述として、誤っているものはどれか。,森林の大規模な消失は、地表の熱環境を局所的に変化させるだけでなく、大量の蒸散量の増加を通して広域の水循環を変化させる恐れがある,森林は物質生産を行い、物質循環に深くかかわっている。この物質循環の過程で森林土壌が形成される,森林土壌とその有無は、地表周辺の雨水流出経路を決定し、河川の洪水や渇水に大きく影響する,森林と森林土壌およびその有無は、河川の土砂含有量と水質形成に大きな影響を与える,a,森林消失により蒸散量は減少する,森林水文学,標準
192,森林土木,2013,森林と侵食防止に関する記述として、誤っているものはどれか。,侵食現象は地表面の土粒子がある外力によって個別に移動する現象であり、斜面全体を何らかの材料で被覆すればほぼ完全に防止できる,雨は樹冠層で遮断され、一部は貯留される。しかし、樹冠層での貯留量は少なく、残りは林内雨として樹冠層から再び落ちる,樹冠で再生された雨滴の粒径は比較的小さく、林床が裸地状態であっても侵食は発生しない,森林の斜面を直接被覆しているのは森林によって形成される落葉落枝層である。この層が直接侵食を防止している,c,樹冠から落ちる雨滴でも侵食は発生する可能性がある,森林土壌学,標準
193,森林土木,2013,斜面崩壊に関する記述として、誤っているものはどれか。,深層崩壊は、山崩れ・がけ崩れなどの斜面崩壊のうち、すべり面が表層崩壊よりも深部で発生し、表土層だけでなく深層の地盤までもが崩壊土塊となる比較的規模の大きな崩壊現象である,深層崩壊は、花崗岩地帯で多くみられる。豪雨時だけでなく、豪雨後の地下水挙動や比較的規模の大きな地震動によって発生することがある,表層崩壊は、山崩れ・崖崩れなどの斜面崩壊のうち、厚さ0.5mから2.0m程度の表層土と基盤層の境界に沿って滑落する比較的規模の小さな崩壊現象である,表層崩壊は、急斜面で発生することが多い。また、荒廃地や皆伐跡地で発生しやすい,d,表層崩壊は緩斜面でも発生し、皆伐跡地で発生しやすいが荒廃地は深層崩壊の要因,砂防学,標準
194,森林土木,2013,侵食量調査に関する記述として、誤っているものはどれか。,表面侵食は、降雨等により斜面全体が変形して下降する現象で、侵食が進むと斜面にリルやガリーが発達する,表面侵食量調査は、斜面にピンを複数設置して、ピンを基準として地表面の高さを計測し、侵食・堆積の状況を把握する,表面侵食量調査は、斜面下端に流下土砂を受ける箱を設置して、土砂量を計測して、流出土砂量を把握する,表面侵食量調査は、渓流に設けられたダムの堆砂量を測定して、流域の侵食量を推定する,a,表面侵食は地表面の土粒子の移動現象,侵食学,標準
195,森林土木,2013,崩壊地分布調査に関する記述として、誤っているものはどれか。,崩壊地の荒廃状況を把握するために、崩壊地の分布、崩壊の規模を調査する,崩壊地の荒廃状況を把握するために、単位面積当たりの崩壊地面積の比率、および崩壊地箇所数を求めるものとする,崩壊地の分布は、地質、傾斜、微地形、林相などの要因や災害履歴などと深く関わっており、要因調査や崩壊発生の推定の基礎資料とする,崩壊の規模は、崩壊地の種類、発生時刻を調査する,d,崩壊の規模は面積、体積、深さ等を調査,治山技術基準,標準
196,森林土木,2013,山腹工の設計に関する記述として、誤っているものはどれか。,崩壊地等の復旧のための山腹工は、崩壊地、はげ山等により、すでに裸地が存在している箇所を対象に、今後の拡大崩壊および表面侵食等を防止するために、斜面の安定と早急な植生導入を行い、最終的には安定した森林に移行させるものである,崩壊等の予防のための山腹工は、崩壊または裸地化していないが、放置しておくと崩壊や裸地化するおそれのある箇所を対象に、予防対策を実施するものである,豪雨や地震によって発生した崩壊地のうち、脚部の侵食やガリー侵食が見られる区域においては、斜面侵食防止のための緑化工に重点をおいたものにする,火山噴出物が厚く堆積している地帯等のように地質が脆弱な地域においては、一度崩壊すると拡大して自然復旧が困難となるので、拡大崩壊を防ぐのに有効な工法を計画する,c,脚部侵食等がある場合は構造物による対策を重点とする,治山技術基準,標準
197,森林土木,2013,渓間工の設計に関する記述として、誤っているものはどれか。,渓間工は、荒廃渓流の復旧、荒廃のおそれのある渓流等の災害予防を目的とする,渓間工の設計にあたっては、渓流および森林の荒廃状況、地形・地質条件を踏まえて、保全対象との関連を十分検討し、最も安価な工種、工法を選定しなければならない,渓間工の設計にあたっては、自然環境の保全に配慮しなければならない,渓間工の設計は、治山施設等の整備方針を踏まえ、必要な調査を実施の上、要求される性能を満たすよう工種・工法等を定めなければならない,b,最も効果的で適切な工種・工法を選定（安価のみではない）,治山技術基準,標準
198,森林土木,2013,治山ダムの設計に関する記述として、誤っているものはどれか。,治山ダムの基礎地盤の許容支持力は、治山ダムの堤底に生ずる最大反力より小さくなければならない,治山ダムの基礎地盤は、その摩擦抵抗力が外力による治山ダムの滑動に対して十分なものかどうか検討しなければならない,治山ダムの下流のり先の地盤は、流水の洗掘により破壊されるおそれがあるので、基礎地盤の洗掘について検討しなければならない,治山ダムは、基礎地盤の浸透水による破壊（クイックサンドおよびパイピング）に対する安全性についても検討する必要がある,a,許容支持力は最大反力より大きくなければならない,治山技術基準,標準
199,森林土木,2013,のり枠工に関する記述として、誤っているものはどれか。,のり枠工は、斜面が比較的緩い箇所、土質条件が比較的悪くない箇所に対して、格子状の構造物を設置するもので、斜面の風化、侵食および崩壊の防止を図ることを目的としている,のり枠工は、格子枠状の構造物により、植生の生育基盤となる客土等を保持して、緑化を容易とする,斜面の崩壊防止を目的とするのり枠工は、抑止力を持つアンカー工と組み合わせるとともに、枠はアンカー力に対して安定した断面とする,のり枠工は、必要に応じて枠内に水抜き等を設けるとともに、湧水箇所や地表流が流下しやすい箇所には、あらかじめ暗きょ工、水路工等を設置する,a,のり枠工は比較的急な斜面や土質条件の悪い箇所に適用,治山技術基準,標準
200,森林土木,2013,実播工に関する記述として、誤っているものはどれか。,実播工は、草本類、木本類の種子を斜面に直接播種して緑化を図る工法である,実播工は、一般的に早期の緑化による表面侵食防止効果等を期待して主として木本類の導入に用いられる,実播工は、緑化材料の運搬・設置の手間が省ける等、施工が容易で大面積を短時間に施工できる,実播工として導入した木本類は、一般的に成長した時に苗木植栽に比べて根張りが広く土壌の緊縛効果が高いとされる,b,実播工は主として草本類の導入に用いられる,治山技術基準,標準
201,森林土木,2013,森林作業道の設計に関する記述として、正しいものはどれか。,幅員は4m以上とする,縦断勾配は15％以下とする,曲線半径は15m以上とする,路面は舗装を原則とする,b,森林作業道の縦断勾配は一般に15％以下,森林作業道作設指針,標準
202,森林土木,2013,林業と環境に関する記述として、誤っているものはどれか。,適切な森林管理により生物多様性が保全される,持続可能な森林経営が重要である,皆伐は環境に悪影響のみを与える,森林認証制度により環境に配慮した林業が推進される,c,皆伐も適切に行えば森林の更新に有効,森林環境学,標準
203,森林土木,2013,木材の性質に関する記述として、正しいものはどれか。,含水率が高いほど強度は向上する,年輪が詰まっているほど一般に強度が高い,針葉樹は広葉樹より必ず軽い,心材は辺材より耐久性が劣る,b,年輪が詰まった木材は一般に強度が高い,木材学,標準
204,森林土木,2013,治山事業の効果に関する記述として、誤っているものはどれか。,土砂災害の防止,水源涵養機能の向上,生活環境の保全,木材生産量の最大化,d,治山事業の主目的は災害防止であり木材生産量最大化ではない,森林法,標準
205,森林土木,2013,森林の公益的機能に関する記述として、正しいものはどれか。,二酸化炭素の吸収,大気汚染物質の拡散,土壌侵食の促進,地下水位の低下,a,森林は二酸化炭素を吸収し地球温暖化防止に貢献,森林の多面的機能,標準
206,森林土木,2013,森林病虫害に関する記述として、誤っているものはどれか。,松くい虫被害は全国的な問題である,ナラ枯れは近年拡大している,病虫害の予防が重要である,被害木は放置しても問題ない,d,被害木は適切に処理する必要がある,森林病理学,標準
207,森林土木,2013,森林の測定に関する記述として、正しいものはどれか。,立木の直径は地上高1.2mで測定する,森林の蓄積は材積の合計である,樹高の測定には測高器を用いる,林分密度は面積当たりの立木重量で表す,c,樹高測定には測高器（ハイプスメーター等）を使用,森林測定学,標準
208,森林土木,2013,きのこ栽培に関する記述として、誤っているものはどれか。,しいたけは広葉樹を用いて栽培する,なめこは針葉樹でも栽培できる,原木栽培と菌床栽培がある,栽培には適切な温度と湿度が必要である,b,なめこも主に広葉樹を用いて栽培,特用林産,標準
209,森林土木,2013,森林の更新に関する記述として、正しいものはどれか。,天然更新は人工的な植栽を行う方法である,人工更新では苗木の植栽を行う,更新には伐採は必要ない,更新方法は樹種に関係なく同じである,b,人工更新では苗木の植栽により森林を更新,森林施業技術,標準
210,森林土木,2013,木質バイオマスに関する記述として、誤っているものはどれか。,再生可能エネルギーの一つである,林地残材の有効活用につながる,燃焼時にCO2を排出しない,木質ペレットなどの燃料がある,c,燃焼時にCO2は排出されるが、カーボンニュートラルとみなされる,バイオマス利用,標準
211,トンネル,2013,トンネルの主な出来事に関する記述として、正しいものはどれか。,わが国に初めてNATMが導入されたのは、上越新幹線の中山トンネルで、1970年のことである,道路トンネルでの大規模な火災事故としては、1990年に発生した日本坂トンネルでの火災事故が有名である,「トンネル標準示方書（山岳編）・同解説」(土木学会)の改訂で、NATMが標準とされたのは1986年である,JRの鉄道トンネル（山陽新幹線福岡トンネル、北九州トンネル、室蘭本線礼文浜トンネル）で覆工コンクリートのはく落事故が発生したのは2005年のことである,c,1986年の改訂でNATMが標準とされた,トンネル標準示方書,標準
212,トンネル,2013,大断面道路トンネル（内空幅12.5～14.0ｍ程度）の標準的な支保構造に関する記述として、誤っているものはどれか。,地山等級ＤⅠパターンにおけるロックボルトは長さ６ｍ、周方向間隔１ｍ、延長方向間隔１ｍである,地山等級ＤⅡパターンにおける鋼アーチ支保工は、Ｈ－150である,地山等級がＤⅠパターンであっても、下半部に堅岩が現れるなど岩の長期的支持力が十分であり、側圧による押し出しなどもない場合はインバートを省略できる,吹付けコンクリートによるインバートはインバート厚さに含めることはできるが、現場打ちコンクリートによるインバート部分の厚さがアーチ・側壁の覆工コンクリート厚さを下回ってはならない,a,ＤⅠパターンのロックボルト仕様が異なる,道路トンネル技術基準,標準
213,トンネル,2013,道路トンネルの換気設備に関する記述として、正しいものはどれか。,ジェットファンの設置方法には、吊り下げる方法と固定する方法があるが、吊り下げるのが一般的であり、設計にあたっては、吊り金具を含めアンカーの強度は、ジェットファン本体の静荷重の15倍以上をとることが望ましい,ジェットファンの標準的な仕様において、高風速ジェットファンの噴流風速は、30m/sが標準である,連絡ダクトの圧力損失は、ダクト長に比例する摩擦損失によるものの他、ダクトの変形（曲がり、拡大、縮小、分岐、合流など）によるものがあり、ダクト内風速は、山岳トンネルの事例では、約15m/sが経済的であると言われている,送・排風機をトンネル火災時に排煙用として運転するときには、送・排風機保護上ダクト内に排煙温度を50℃まで下げるダクト冷却装置を設ける必要がある,a,アンカー強度はジェットファン本体の15倍以上,道路トンネル技術基準,標準
214,トンネル,2013,山岳工法における層状地盤に関する記述として、誤っているものはどれか。,付加体と呼ばれる地質体中の堆積岩類には、層理面や断層、へき開面などの弱面が発達することが多い,地表付近に比較的硬質で風化に対して抵抗力の大きなチャート・砂岩・石灰岩などの岩塊が露出している場合は、これらがキャップロックとなり、弾性波探査結果に影響を与える場合がある,メランジュ（混在岩）中に含有される石灰岩岩塊は、炭酸カルシウムを主成分とすることから、砂岩など他の岩種に比べ水との反応性（溶解）に富み、鍾乳洞のような空洞が生じることがある,メランジュ（混在岩）は層状岩塊が泥岩や頁岩に散在する連続性のある地層である,d,メランジュは不連続で混沌とした地質体,地質学,標準
215,トンネル,2013,山岳工法における膨張性地山に関する記述として、誤っているものはどれか。,粘土鉱物を含む地山がトンネル掘削による水の供給をうけ、強度低下や粘土鉱物自体の体積膨張でトンネル内に押し出す場合がある,極まれな現象であるが、地質によって高圧のガスを内在する場合に、トンネル掘削による圧力の低下でガスが膨張し、地圧となってトンネル内に押し出す場合がある,断面を分割して掘削すると、地山の応力の再配分が複雑となって、変形がなかなか収束しない場合がある,膨張性が大きい場合には、円形支保が有利となり、施工性も良いが、特別な場合を除いて採用は少ない,d,円形支保は施工性が良くないため採用が少ない,NATM設計施工指針,標準
216,トンネル,2013,山岳工法における主な計測項目に関する記述として、正しいものはどれか。,ロックボルトの軸力測定では、ロックボルトに生じたひずみから、ロックボルト軸力を算出し、効果の確認やロックボルト長、ロックボルト径の適否を判断することができる,ロックボルトの引抜き試験では、ロックボルトの定着効果を確認し、引抜き耐力から適正な定着方式や、ベアリングプレートの面積の適否を判断することができる,ＡＥ測定結果から、インバートの必要性、効果を判断することができる,坑内地中変位測定では、トンネル周辺の緩み領域、変位量を知り、ロックボルト長、鋼製支保工の大きさ、ピッチの適否を判断することができる,d,坑内地中変位測定により支保工の適否を判断できる,NATM設計施工指針,標準
217,トンネル,2013,山岳工法における鋼製支保工の機能および効果の概念に関する記述として、誤っているものはどれか。,鋼製支保工は、吹付けコンクリートと同様に軸圧縮抵抗、せん断抵抗、曲げ抵抗により外力に抵抗することができる,開口亀裂や規模の小さい弱層等の地山の弱点となる個所を鋼製支保工が支持することにより、地山内の不連続面や弱層の影響を低減する効果を内圧付与効果という,鋼製支保工を地山と密着させることにより、部材の曲げ抵抗やせん断抵抗により局部的な岩塊の崩落を防止する効果を岩塊保持効果という,支保工に作用する荷重を、鋼製支保工が底板やウイングリブを介して、地山（脚部）に伝達させる効果を荷重伝達効果という,b,記述されているのは岩塊保持効果であり、内圧付与効果ではない,NATM設計施工指針,標準
218,トンネル,2013,シールドトンネルの計画に関する記述として、誤っているものはどれか。,トンネル内空は、用途に応じた形状と大きさを有するとともに、施工上の要件も考慮して決定する,トンネルの平面線形は、できるだけ直線あるいは緩やかな曲線とし、小さい曲線半径を用いる場合は、設計、施工に関して十分な検討を行う,トンネルの土被りは、地表や地下構造物の状況、地山の条件、掘削断面の大きさ、施工方法等を考慮して決定する。必要な最小土被りは、一般には1.0Ｄ～1.5Ｄ（Ｄ：シールド外径）と言われているが、これより小さい土被りでの施工例も多い,トンネルを２本以上併設する場合は、後続トンネルの施工を安全に行うために適切な離隔が必要であり、トンネルの相互の離隔距離は、一般にトンネル内径以上を確保することが望ましい,d,離隔距離はトンネル外径以上を確保,シールド工法設計指針,標準
219,トンネル,2013,シールド工法のセグメントに関する記述として、正しいものはどれか。,セグメントリングの横断方向の断面力は、完成後のみに対する荷重の作用状態やセグメントの構造特性を考慮して計算するものとする,コンクリート系セグメントを用いたトンネルの構造計算では、不静定力または弾性変形の計算において、一般に鉄筋を考慮し引張鉄筋側のかぶりを控除したコンクリート断面で計算する,鉄鋼製セグメントのスキンプレートおよび背板の有効幅は、主断面の曲げ剛性、軸剛性および曲げ応力度の計算にあたっては、主桁1枚あたり片側25ｔ（ｔ：スキンプレートの板厚）とする,セグメントの継手の断面力は、セグメントリングの断面力の算定方法によらず最大の発生断面力に対し60％としてよい,c,有効幅は主桁1枚あたり片側25t,シールド工法設計指針,標準
220,トンネル,2013,シールド工法の施工設備に関する記述として、正しいものはどれか。,坑内の作業場においては、安全で衛生的な作業環境を作るために安全通路や昇降設備を設置する必要があるが、換気については自然換気で十分対応できるため換気設備は不要である,ストックヤードは、工程の進捗に支障ないよう、２日分程度のセグメント等の覆工材料、仮設備材料、施工用機械器具等を貯蔵できる面積を計画する,泥水式シールド工法に用いられる送排泥管設備の管径は、シールド径、土質等によらず250Ａを使用する,土圧式シールド工法に用いられる坑内掘削土砂搬出方法には、軌道方式、パイプライン方式、コンベヤー方式があり、このうちパイプライン方式が最も一般的である,b,ストックヤードは2日分程度の材料を貯蔵,シールド工法設計指針,標準
221,トンネル,2013,道路トンネルの定期点検に関する記述として、誤っているものはどれか。,「判定区分Ａ」は、「変状が著しく通行車輌の安全を確保できないと判断され、応急対策を実施した上で補修・補強対策の要否を検討する標準調査が必要な場合。」である,「判定区分Ｂ」は、「変状があり、応急対策は必要としないが補修・補強対策の要否を検討する標準調査が必要な場合。」である,「判定区分Ｓ」は、「変状はないか、あっても軽微で応急対策や標準調査の必要がない場合。」である,覆工のひび割れ、段差の変状の「判定区分Ｂ」は、「天端や肩部で幅３㎜以上、延長方向に２ｍ以上の規模を有する場合、または、ひび割れが多い場合。」である,c,判定区分Sではなく判定区分Cが軽微な変状,道路トンネル定期点検要領,標準
222,トンネル,2013,トンネル変状に関する坑内調査項目の組み合わせとして、誤っているものはどれか。,ひび割れ：位置、形態、規模、パターン、進行性等の調査（目視観察、打音検査、写真撮影等）,変形：断面形状、内空変位量、地中変位量等の調査（断面測定器、内空変位計、地中変位計等）,漏水：位置、濁り、漏水量、水温、水質等の調査（ボーリング、電磁波法、目視検査等）,材料劣化：位置、強度、中性化深さ、材質等の調査（目視観察、打音検査、非破壊検査、強度試験等）,c,漏水調査にボーリングや電磁波法は一般的でない,トンネル維持管理要領,標準
223,トンネル,2013,覆工コンクリートの締固めに関する記述として、誤っているものはどれか。,コンクリートの締固めには内部振動機を用いることを原則とし、打込み後すみやかに締固めなければならない,締固めにあたっては、防水工、ひび割れ抑制工や裏面排水工を破損したり移動させないようにしなければならない,内部振動機をかけ過ぎるとコンクリートの材料分離を引き起こすことがあるので、振動時間の設定に注意を要する,内部振動機は打設したコンクリートのなかを横移動させ締固める必要がある,d,内部振動機は鉛直に挿入し横移動させない,コンクリート標準示方書,標準
224,トンネル,2013,施工時の支保工変更に関する組み合わせとして、誤っているものはどれか。,吹付けコンクリート：厚さ、材質等の変更,ロックボルト：長さ、本数、耐力、定着材、定着方式等の変更,鋼製支保工：有無、寸法、建込み間隔、材質等の変更,インバート：有無、形状、裏込め注入、施工時期、材質等の変更,a,すべて正しい変更項目,NATM設計施工指針,標準
225,トンネル,2013,吹付けコンクリートの配合に関する記述として、誤っているものはどれか。,一般に水セメント比は、湿式では50～65％、乾式では45～55％の範囲である,高強度吹付けコンクリートの水セメント比は、30～40％（水結合材比30～40％程度）である,単位セメント量は、通常強度では360kg/m³程度である,単位セメント量は、高強度吹付けコンクリートや液体急結剤を使用する場合は400～500kg/m³程度であることが多い,a,湿式と乾式の水セメント比の範囲が逆,NATM設計施工指針,標準
226,トンネル,2013,施工時の坑内安全点検項目・内容に関する組み合わせとして、誤っているものはどれか。,地山：切羽における浮石や亀裂等の有無、未覆工区間の変状の有無、可燃性ガスや有毒ガスの発生の有無、および湧水の状態、地表面の変状の有無等,支保工：吹付けコンクリートのひび割れ、および剥離の有無、ロックボルトの定着状態、プレートの変形、ボルトの破断、鋼製支保工の沈下および変形等,作業環境：温度、炭酸ガス、視界、通気量、排ガス、粉じん濃度、積算温度等,機械、設備：通路、運搬路、軌道、走行車両、換気設備、照明設備、排水設備、連絡通報設備、緊急避難設備および救護用具等の整備状況等,a,すべて正しい点検項目,トンネル工事安全対策,標準
227,トンネル,2013,道路トンネルの付属施設に関する記述として、誤っているものはどれか。,道路トンネルでは、特に換気施設、非常用施設等のトンネル付属施設の計画が道路の交通量、トンネルの延長および平面線形と密接な関係がある,トンネルの坑口位置、縦断線形を決めるときには、換気所、換気坑の位置、規模を含めた換気ならびに非常用施設の概略設計を行い、工費、施工性、維持管理費等についての総合的な比較検討を行わなければならない,長大トンネルでは、経済的な換気を行うために、換気所や換気坑等の配置が、トンネルの線形を決定するような場合もある,照明施設計画では、出入口部の緩和照明に関する費用が大きな比重を占めるため、あまりに短いトンネル群にするとかえって不経済になることもある,d,短いトンネル群では照明費用が増加するため不経済,道路トンネル技術基準,標準
228,トンネル,2013,設計、施工計画段階の地質調査の目的に関する記述として、誤っているものはどれか。,トンネル区間の全体的な地質構造、地質分布およびその性状の把握,特殊地山の分布や性状および問題となる現象の発生予測と対策工検討のための基礎資料の取得,坑口位置の地形、地質条件および問題となる事項とその対策の設計に必要な基礎資料の取得,切羽の安定性評価、支保工の設計、補助工法の選定、掘削工法および覆工コンクリート打設方式の選定のための基礎資料の取得,d,設計・施工計画段階では切羽の詳細な安定性評価は実施段階の調査目的,トンネル地質調査,標準
229,トンネル,2013,計測管理基準と安全管理体制に関する組み合わせとして、誤っているものはどれか。,通常体制：定時計測,注意体制：計測頻度強化、現場点検、作業員への注意強化,要注意体制：計測体制の強化、軽微な対策工の実施,厳重注意体制：施工の停止、変状要因・傾向の解析、遠望目視点検,d,厳重注意体制では遠望ではなく詳細点検を実施,NATM設計施工指針,標準
230,トンネル,2013,TBM工法の構成要素と機能の組み合わせとして、誤っているものはどれか。,掘削部：ディスクカッター（岩を圧砕する）,駆動部：カッターヘッド駆動装置（カッターヘッドを回転させる）,推進部：スラストジャッキ（推進力を発生させる）,掘削反力支持部：メインビーム（掘削反力を確保する）,d,メインビームは機械の主要構造であり、掘削反力はグリッパーで確保,TBM工法,標準
231,トンネル,2013,トンネル掘削時の地山分類に関する記述として、正しいものはどれか。,地山分類は施工前に最終決定される,地山等級は掘削時の地山状況により変更される,支保パターンは地山分類に関係なく一定である,地山分類は設計時の分類を変更できない,b,地山等級は施工時の実際の地山状況により変更,NATM設計施工指針,標準
232,トンネル,2013,トンネルの火災対策に関する記述として、誤っているものはどれか。,避難通路の確保が重要である,排煙設備により煙の制御を行う,非常用設備の設置が必要である,火災時は必ず坑内に留まる,d,火災時は速やかに避難することが基本,道路トンネル非常用施設設置基準,標準
233,トンネル,2013,トンネル内の環境に関する記述として、正しいものはどれか。,換気により空気環境を制御する,照明は不要である,騒音対策は必要ない,防災設備は設置しない,a,換気設備により坑内の空気環境を適切に保つ,道路トンネル技術基準,標準
234,トンネル,2013,トンネルの維持管理に関する記述として、誤っているものはどれか。,定期的な点検が必要である,変状の早期発見が重要である,補修は変状が進行してから実施する,記録の保存が重要である,c,予防保全の観点から早期の補修が重要,トンネル維持管理要領,標準
235,トンネル,2013,山岳トンネルの補助工法に関する記述として、正しいものはどれか。,先受け工は切羽前方の地山を補強する,フォアポーリングは切羽後方に設置する,鏡吹付けは切羽面の安定化を図る,水抜きボーリングは地山を固化する,c,鏡吹付けにより切羽面の風化や崩落を防止,NATM設計施工指針,標準
236,トンネル,2013,シールド工法の種類に関する記述として、誤っているものはどれか。,泥水式シールドは軟弱地盤に適している,土圧式シールドは砂質土に適している,開放型シールドは硬岩に適している,密閉型シールドは地下水圧の高い地盤に適している,c,開放型シールドは硬岩より軟岩に適している,シールド工法,標準
237,トンネル,2013,トンネル工事の安全管理に関する記述として、正しいものはどれか。,ガス検知器の設置が重要である,安全教育は不要である,保護具の着用は任意である,緊急時の連絡体制を確立する,d,緊急時の適切な連絡体制の確立が重要,労働安全衛生法,標準
238,トンネル,2013,覆工コンクリートの品質管理に関する記述として、誤っているものはどれか。,強度試験を実施する,配合の管理を行う,養生条件を管理する,品質管理は不要である,d,覆工コンクリートの品質確保のため適切な品質管理が必要,コンクリート標準示方書,標準
239,トンネル,2013,トンネル掘削機械に関する記述として、正しいものはどれか。,ブレーカーは硬岩の破砕に用いる,TBMは軟弱地盤専用である,発破は都市部では使用できない,掘削機械の選定は地質条件に関係ない,a,ブレーカーは硬岩や中硬岩の破砕に使用,トンネル掘削技術,標準
240,トンネル,2013,トンネルの測量に関する記述として、誤っているものはどれか。,中心線測量により線形を確認する,坑内測量により掘削精度を管理する,貫通測量により貫通精度を確認する,測量は施工完了後のみ実施する,d,測量は施工の各段階で継続的に実施,測量技術,標準
241,建設環境,2013,環境影響評価法に基づく環境影響評価手続きの流れとして、正しいものはどれか。,準備書作成－方法書作成－評価書作成－配慮書作成－報告書作成,配慮書作成－方法書作成－準備書作成－評価書作成－報告書作成,方法書作成－準備書作成－評価書作成－配慮書作成－報告書作成,準備書作成－配慮書作成－方法書作成－評価書作成－報告書作成,b,環境影響評価法に定められた正しい手続きの流れ,環境影響評価法,標準
242,建設環境,2013,PM2.5に関する記述として、誤っているものはどれか。,PM2.5とは直径2.5μm以下の微小粒子状物質を指す。浮遊粒子状物質（SPM）が直径10μm以下でPM10と呼ばれるのに対してさらに微小な粒子状物質である,ＰＭ2.5は、粒径が小さいため気管を通過し易く、肺胞など気道より奥に付着して、ぜんそくや気管支炎を引き起こす等、健康への影響も大きいと考えられている,我が国では平成21年９月９日に環境基準告示された。環境基準では、年平均値と日平均値の基準値が設定されている,ＰＭ2.5は、主に光化学反応等により二次的に生成される粒子が該当する。ディーゼル排気粒子は粒径が大きくほとんど含まれない,d,ディーゼル排気粒子の多くはPM2.5に含まれる,大気汚染防止法,標準
243,建設環境,2013,平成21年4月に改正された土壌汚染対策法に関する記述として、誤っているものはどれか。,面積に関わらず土地の形質変更の届出の際に、土壌汚染のおそれがあるときの都道府県知事からの命令に基づく調査の実施を規定している,自主調査において土壌汚染が判明した場合の土地所有者等による都道府県知事への区域指定の申請について規定している,土地の形質変更時に届出が必要な区域と対策が必要な区域の指定と必要な対策内容について規定している,汚染土壌処理業の許可制度の新設による汚染土壌への適正処理の確保などを規定している,a,一定規模以上の土地の形質変更時に届出が必要,土壌汚染対策法,標準
244,建設環境,2013,拡散式を用いた自動車の走行に係る大気汚染の予測に関する記述として、誤っているものはどれか。,発生源の原単位として、車種及び速度、縦断勾配に応じた排出係数を設定する,気象条件として、年間を通した各月の平均風速及び風向の出現割合を設定する,拡散式として、有風時にはプルーム式、弱風時にはパフ式を適用する,拡散式を用いて算出した寄与濃度にバックグラウンド濃度を足し合わせて沿道の大気汚染濃度を算出する,c,有風時はプルーム式、無風・弱風時はパフ式を適用,道路環境影響評価の技術手法,標準
245,建設環境,2013,周辺に人家が存在する路線において、道路構造を盛土構造から高架構造に変更した場合に、環境影響が新たに生じる可能性がある項目として、最も相応しいものはどれか。,大気汚染,騒音,低周波音,地盤,c,高架構造では構造物の振動により低周波音が発生する可能性,道路環境影響評価の技術手法,標準
246,建設環境,2013,揮発性有機化合物（ＶＯＣ）に関する記述として、誤っているものはどれか。,常温常圧で蒸発し空気中で容易に揮発する有機化合物の総称で、トルエン、キシレン、酢酸エチルなどが該当する,平成23年8月に大気汚染防止法が改正され、自動車からの排出が規制されている,地下に浸透して土壌や地下水を汚染したり、大気中では光化学反応によりオキシダントや浮遊粒子状物質の発生に関与していると考えられている,処理の方法としては、回収したＶＯＣガスをそのまま燃焼させたり、活性炭等の吸着ろ過材による吸着回収で浄化する方法等がある,b,VOCの自動車排出規制は平成23年以前から実施,大気汚染防止法,標準
247,建設環境,2013,環境影響評価における人と自然との触れ合いの活動の場への影響のうち、誤っているものはどれか。,キャンプ場へのアプローチが分断されることによる到達時間への影響,スターウォッチングの名所での夜間照明の影響,子供たちの水遊び場への水質の影響,ゴルフ場への騒音の影響,a,キャンプ場への到達時間は「人と自然との触れ合い」よりも「社会環境」の項目,環境影響評価法,標準
248,建設環境,2013,地球温暖化に伴う我が国の気候変動に関する記述として、誤っているものはどれか。,日本の年平均気温は､世界の年平均気温とほぼ同様に、100年当たり約0.68℃上昇している,１時間降水量50㎜を越える大雨の発生回数は長期的に増加傾向にある,年平均の土砂災害発生件数はここ30年間で約1.3倍に増加している,１時間降水量100㎜を越える大雨の発生回数は増加傾向にある,a,日本の年平均気温の上昇率は世界平均よりも大きい,気象庁気候変動監視レポート,標準
249,建設環境,2013,大震災からの円滑かつ迅速な復興を推進するため平成23年12月に成立した「東日本大震災復興特別区域法」の特例措置として、誤っているものはどれか。,公営住宅の入居基準の緩和,東北地方の高速道路の無料開放,許認可やゾーニングに係る手続きの簡素化や許可基準の緩和,宅地と農地の一体的な交換・整備のための新たな事業手法の活用,b,高速道路無料開放は復興特別区域法の特例措置ではない,東日本大震災復興特別区域法,標準
250,建設環境,2013,三陸沿岸道路等の復興道路の新規事業区間で導入されている事業促進PPPに関する記述として、誤っているものはどれか。,PPPは「官民連携、公民協働」を意味する,従来、発注者が行ってきた施工前段階の業務を発注者と一体となり、検討・実施する,新規事業区間毎に民間技術者チームが配置されている,発注者と連携し、建設コンサルタントや施工会社との調整を行う,c,技術者チームは事業区間毎ではなく、適切な体制で配置,復興道路整備,標準
251,建設環境,2013,平成19年４月より本格運用されている、「国土交通省所管公共事業における景観検討の基本方針（案）」に基づく同省所管公共事業の景観評価システムの骨子として、誤っているものはどれか。,対象事業の景観検討区分を、①重点検討事業、②一般検討事業、③対象外事業の３つに分類している,環境影響評価法における「景観」の影響評価手法との連携、役割分担が明確化されている,景観アドバイザーを「景観施策アドバイザー」と「事業景観アドバイザー」に区分し、それぞれの役割が明確化されている,景観検討に関するPDCAサイクルが明確化されている,a,景観検討区分は実際には異なる分類が用いられている,国土交通省景観検討基本方針,標準
252,建設環境,2013,生物学的水質判定法における水質階級と、その判定基準となる指標生物についての記述として、正しいものはどれか。,きれいな水(水質階級Ⅰ) （ヒラタカゲロウ類、ミズムシなどが優先する）,ややきれいな水(水質階級Ⅱ) （カワニナ類、サカマキガイなどが優先する）,きたない水(水質階級Ⅲ) （シマイシビル、タニシ類などが優先する）,とてもきたない水(水質階級Ⅳ)（ユスリカ類、ヨコエビ類などが優先する）,a,水質階級Ⅰの指標生物として適切,河川水質調査法,標準
253,建設環境,2013,生物多様性基本法に示される「基本的施策」のうち、「保全に重点を置いた施策」として挙げられている事項として、誤っているものはどれか。,地域の生物多様性の保全,野生生物の種の多様性の保全,外来生物等による被害の防止,遺伝子の多様性の保全,a,地域の生物多様性の保全は「保全」ではなく「持続可能な利用」の施策,生物多様性基本法,標準
254,建設環境,2013,ラムサール条約に関する記述として、正しいものはどれか。,条約の対象となる湿地のタイプは天然のものを基本とするが、永続的なものか一時的なものかは問わず、更に滞水・流水、淡水・汽水・海水を問わないとしている,国際的な登録基準のうち鳥類に関する基準として「定期的に２千羽以上の水鳥を支える湿地」が示されている,国際的な登録基準のうち魚類に関する基準として「固有な魚類の亜種、種、科の相当な割合を支えている湿地」が示されている,日本での登録条件として「地元住民から登録への賛意が得られること」が挙げられているが、国内法による規制等の必要性は定められていない,a,ラムサール条約の湿地の定義として正しい,ラムサール条約,標準
255,建設環境,2013,絶滅危惧種に関する記述として、誤っているものはどれか。,国際的な自然保護機関である国際自然保護連合(IUCN)では、絶滅した種や絶滅のおそれのある動植物種を「レッドリスト」にまとめ、保護を訴えている,絶滅危惧Ⅰ類は、ごく近い将来絶滅の危険性が極めて高い種である「絶滅危惧ⅠA類」と、ⅠA類ほどでないが、近い将来に絶滅の危険性の高い種である「絶滅危惧ⅠB類」に分けられる,絶滅危惧Ⅱ類は、絶滅の危機が増大している種と定義される,絶滅の危険度は小さいが、継続的な監視が必要な種を「準絶滅危惧種」としている,c,絶滅危惧Ⅱ類は絶滅の危険が増大している種,レッドリスト,標準
256,建設環境,2013,陸上昆虫類の調査方法のうち「平たい容器に水を張り徘徊性の陸上昆虫類やハエ等を採集する方法」の名称として、正しいものはどれか。,パントラップ法,ライトトラップ法,ピットホールトラップ法,マレーズトラップ法,a,パントラップ法の正しい説明,生物調査法,標準
257,建設環境,2013,国土交通省および海上保安庁が、地方自治体等と連携して実施している『全国海の再生プロジェクト』における主な取組みとして、誤っているものはどれか。,陸域からの汚濁負荷の削減（合流式下水道の改善、下水道の高度処理の推進、湿地や河口干潟の再生など）,海域環境の改善（干潟・藻場等の再生・創出、汚泥の除去や底質の改善など）,環境モニタリング（水質測定､人工衛星を利用した赤潮等の常時監視など）,海洋不法投棄の撲滅（巡回監視、罰則の強化など）,d,海洋不法投棄の撲滅は海の再生プロジェクトの主要取組みではない,全国海の再生プロジェクト,標準
258,建設環境,2013,外来生物法に関する記述として、誤っているものはどれか。,特定外来生物は生きているものに限られるが、個体だけでなく、卵や種子、器官なども含まれる,特定外来生物に指定されると、飼育、栽培、保管及び運搬が原則禁止される,特定外来生物を野外で捕まえて持ち帰ってはいけないが、釣りのキャッチアンドリリースのようにその場ですぐに放せば問題はない,外来生物法では違反に対する罰則（懲役や罰金）は定められておらず、各自治体の条例に準ずることとしている,d,外来生物法には罰則規定がある,特定外来生物による生態系等に係る被害の防止に関する法律,標準
259,建設環境,2013,モニタリングサイト1000に関する記述として、正しいものはどれか。,国土交通省が第三次生物多様性国家戦略の一環として2003年度から行っている、重要生態系監視地域モニタリング推進事業のこと,日本の代表的な生態系の状態や動植物の生育生息状況などを、1000年という長い期間にわたり定量的にモニタリングすることによって、種の減少や種の組成など生物多様性の変化を把握し、自然環境を保全する施策に役立てようというプロジェクト,2011年7月時点で、高山帯、森林・草原、里地里山、湖沼・湿原、砂浜、磯、干潟、アマモ場、藻場、サンゴ礁、小島嶼など全国の約1013カ所にモニタリングサイト（調査地点）が設置されている,これまで実施されてきた「自然環境保全基礎調査」に替わる環境モニタリングとして期待されている,c,モニタリングサイト1000の調査地点数として正しい,モニタリングサイト1000,標準
260,建設環境,2013,環境省が所管する「国民公園」として、誤っているものはどれか。,新宿御苑,皇居外苑,浜離宮恩賜庭園,京都御苑,c,浜離宮恩賜庭園は東京都が管理,国民公園法,標準
261,建設環境,2013,環境アセスメントの調査項目として、正しいものはどれか。,大気環境、水環境、土壌環境、生物環境,物理環境、化学環境、生物環境、社会環境,自然環境、生活環境、社会環境、経済環境,大気質、騒音、振動、低周波音,a,環境影響評価の主要な調査項目,環境影響評価法,標準
262,建設環境,2013,環境基準に関する記述として、誤っているものはどれか。,環境基準は人の健康を保護し、生活環境を保全する上で維持されることが望ましい基準,環境基準は行政上の政策目標である,環境基準を超過した場合は直ちに罰則が適用される,環境基準は科学的知見の充実等に伴い必要に応じ改定される,c,環境基準の超過自体には罰則はない,環境基本法,標準
263,建設環境,2013,水質汚濁防止法に関する記述として、正しいものはどれか。,すべての工場・事業場に排水基準が適用される,特定施設を設置する工場・事業場に排水基準が適用される,水質汚濁防止法には罰則規定がない,都道府県は国の基準より緩い基準を設定できる,b,特定施設を設置する特定事業場に排水基準が適用,水質汚濁防止法,標準
264,建設環境,2013,騒音の評価指標に関する記述として、誤っているものはどれか。,等価騒音レベル（LAeq）は一定時間内の平均的な騒音レベル,最大騒音レベル（LAmax）は測定時間内の最大値,昼夜等価騒音レベル（Ldn）は昼間と夜間を区別して評価,時間率騒音レベル（LAn）は時間の何％でそのレベルを超過するかを示す,d,時間率騒音レベルは時間の何％でそのレベル以下であるかを示す,騒音に係る環境基準,標準
265,建設環境,2013,廃棄物処理法に関する記述として、正しいものはどれか。,一般廃棄物は市町村が処理責任を負う,産業廃棄物は国が処理責任を負う,廃棄物の処理は民間事業者のみが行う,すべての廃棄物は同じ方法で処理される,a,一般廃棄物の処理責任は市町村,廃棄物の処理及び清掃に関する法律,標準
266,建設環境,2013,地球温暖化対策に関する記述として、誤っているものはどれか。,京都議定書では先進国の温室効果ガス削減目標が設定された,パリ協定ではすべての国が削減目標を設定,カーボンニュートラルは温室効果ガスの排出量と吸収量を均衡させること,温室効果ガスの主要なものは二酸化炭素のみである,d,温室効果ガスには二酸化炭素以外にメタン、一酸化二窒素等もある,地球温暖化対策推進法,標準
267,建設環境,2013,環境マネジメントシステム（EMS）に関する記述として、正しいものはどれか。,ISO14001は環境マネジメントシステムの国際規格,EMSの導入は法的に義務付けられている,EMSは製造業のみに適用される,EMSの認証機関は国が指定する,a,ISO14001は環境マネジメントシステムの代表的な国際規格,ISO14001,標準
268,建設環境,2013,生態系サービスに関する記述として、誤っているものはどれか。,供給サービス（食料、水、木材等の提供）,調整サービス（気候調整、水質浄化等）,文化的サービス（レクリエーション、精神的価値等）,破壊サービス（災害の発生、環境の悪化等）,d,破壊サービスは生態系サービスの分類にない,生物多様性,標準
269,建設環境,2013,持続可能な開発目標（SDGs）に関する記述として、正しいものはどれか。,2015年に国連で採択された,17の目標と169のターゲットで構成,2030年までの達成を目指す,すべての国に適用される,a,SDGsは2015年の国連サミットで採択,SDGs,標準
270,建設環境,2013,環境影響評価における予測手法として、誤っているものはどれか。,数値計算モデル,物理模型実験,類似事例による推定,住民意識調査,d,住民意識調査は予測手法ではなく調査手法,環境影響評価,標準
271,都市計画及び地方計画,2013,外国の都市計画制度として、誤っているものはどれか。,イギリス－都市農村計画法（Town and Country Planning Act）,フランス－ストラクチャープラン（Structure Plan）,ドイツ－地区詳細計画（B-Plan）,アメリカ－地域規制（Zoning Regulations）,b,ストラクチャープランはイギリスの制度,都市計画法制,標準
272,都市計画及び地方計画,2013,新住宅市街地開発法の適用を受け、国内初のニュータウンとして整備されたものはどれか。,千里ニュータウン,泉北ニュータウン,高蔵寺ニュータウン,多摩ニュータウン,a,千里ニュータウンが国内初のニュータウン,新住宅市街地開発法,標準
273,都市計画及び地方計画,2013,戦災復興都市計画事業で100ｍの幅員の道路を整備した都市はどれか。,名古屋市,長崎市,神戸市,大阪市,a,名古屋市の久屋大通が100m幅員,戦災復興都市計画,標準
274,都市計画及び地方計画,2013,平成23年に制定された津波防災地域づくりに関する法律についての記述として、誤っているものはどれか。,国土交通大臣は、津波防災地域づくりの推進に関する基本的な指針（基本指針）を定めなければならない,都道府県知事は、基本指針に基づき、津波浸水想定（津波により浸水する恐れがある土地の区域及び浸水した場合に想定される水深）を設定するものとする,都道府県知事は、基本指針に基づき、かつ、津波浸水想定を踏まえ、津波防災地域づくりを総合的に推進するための計画（推進計画）を作成することができる,推進計画区域内においては、津波からの避難に資する建築物の容積利率規制の緩和の特例措置がある,c,推進計画は市町村が作成,津波防災地域づくりに関する法律,標準
275,都市計画及び地方計画,2013,都市計画法第11条の「都市施設」として、誤っているものはどれか。,郵便局,病院,市場,図書館,a,郵便局は都市施設として規定されていない,都市計画法,標準
276,都市計画及び地方計画,2013,都市計画運用指針における市街化区域の設定について、住宅用地の人口密度の目標として正しい組み合わせはどれか。,土地の高度利用を図るべき区域：100人/ha以上、その他の区域：60人/ha以上、低密度地域：40人/ha以上,土地の高度利用を図るべき区域：80人/ha以上、その他の区域：60人/ha以上、低密度地域：40人/ha以上,土地の高度利用を図るべき区域：100人/ha以上、その他の区域：80人/ha以上、低密度地域：60人/ha以上,土地の高度利用を図るべき区域：80人/ha以上、その他の区域：70人/ha以上、低密度地域：60人/ha以上,a,都市計画運用指針に定められた人口密度の目標値,都市計画運用指針,標準
277,都市計画及び地方計画,2013,高度利用地区に関する記述として、正しいものはどれか。,用途地域内の市街地における土地の合理的かつ健全な高度利用と都市機能の更新とを図る地区,市街地における火災の危険を防除するため定める地区,市街地の整備改善を図るため街区の整備または造成が行われる地区,都市の風致を維持するため定める地区,a,高度利用地区の定義,都市計画法,標準
278,都市計画及び地方計画,2013,都市計画法第７条の「区域区分」に関する記述として、誤っているものはどれか。,市街化区域は、すでに市街地を形成している区域及びおおむね十年以内に優先的かつ計画的に市街化を図るべき区域とする,都市計画区域には、区域区分を定めなくてはならない,市街化区域には、少なくとも用途地域を定めるものとする,市街化調整区域については、原則として用途地域を定めないものとする,b,都市計画区域には必要に応じて区域区分を定める,都市計画法,標準
279,都市計画及び地方計画,2013,都市計画運用指針における「地域に身近な道路の計画」に関する記述として、誤っているものはどれか。,新市街地においては、根幹的な道路と地域に身近な道路を分離して決定し整備することが望ましい,既成市街地においては、根幹的な道路を定めた後、市街地の状況等を踏まえ事業の展開に合わせて順次定めていくことも考えられる,市街地開発事業を行う場合には、市街地開発事業の都市計画と同時に根幹的な道路から地域に身近な道路まで必要なものを一体的に定めることが望ましい,地区計画等における地区施設等の道路の計画に当たっては、都市施設として計画される道路と一体となって機能するよう定めることが必要である,a,新市街地では分離ではなく一体的に計画,都市計画運用指針,標準
280,都市計画及び地方計画,2013,道路交通センサスに関する記述として、誤っているものはどれか。,一般交通量調査では、交通量だけでなく道路状況の調査も実施する,OD調査では、車を所有する人や使用する人に対するオーナーインタビューOD調査と高速道路を利用した人に対する高速OD調査を実施する,道路交通センサスは10年に１度実施されている,道路交通センサスの結果は、渋滞、温室効果ガス、交通事故などの問題への対策や、将来のまちづくり・みちづくりに役立てていく,c,道路交通センサスは5年に1度実施,道路交通センサス,標準
281,都市計画及び地方計画,2013,都市施設について、都市計画に定める事項として、正しい組み合わせはどれか。,道路：種別及び車線の数その他の構造、駐車場：面積及び構造、自動車ターミナル：構造、都市高速鉄道：種別及び面積,道路：種別及び車線の数その他の構造、駐車場：面積及び構造、自動車ターミナル：種別及び面積、都市高速鉄道：構造,道路：種別及び車線の数その他の構造、駐車場：構造、自動車ターミナル：種別及び面積、都市高速鉄道：面積及び構造,道路：種別及び車線の数その他の構造、駐車場：面積及び構造、自動車ターミナル：種別及び面積、都市高速鉄道：構造,b,都市計画法に定められた都市施設の計画事項,都市計画法,標準
282,都市計画及び地方計画,2013,立体的な範囲を都市計画に定めることができる都市施設として、誤っているものはどれか。,道路,市場,河川,ごみ焼却場,c,河川は立体的な範囲を定めることができない,都市計画法,標準
283,都市計画及び地方計画,2013,都市再開発法上、第一種市街地再開発事業の施行者になりうる者として、誤っているものはどれか。,市街地再開発組合,土地開発公社,独立行政法人都市再生機構,地方住宅供給公社,b,土地開発公社は第一種市街地再開発事業の施行者になれない,都市再開発法,標準
284,都市計画及び地方計画,2013,柔らかい土地区画整理事業に関する記述として、誤っているものはどれか。,公共施設の集約化と街区再編を行う事業等で、公共減歩のない事業を実施する,敷地が細分化・遊休地化している地区の敷地統合・集約化を図る事業などでは、保留地減歩をしないで、事業費を地権者の負担金として確保する,事業施行上、密接不可分な関係にあれば、飛び施行区域を設定する,照応の原則を厳守した換地計画を検討する,d,柔らかい土地区画整理では照応の原則を弾力的に運用,土地区画整理法,標準
285,都市計画及び地方計画,2013,大規模小売店舗立地法に関する記述として、誤っているものはどれか。,大規模小売店舗の新設に関する届出をしたものは、2週間以内に内容を周知させるための説明会を開催しなければならない,大規模小売店舗とは一の建物であって、その建物内の店舗面積の合計が1,000㎡を超えるものである,経済産業大臣は、周辺の地域の生活環境の保持を通じた小売業の健全な発達を図る観点から、大規模小売店舗を設置する者が配慮すべき事項に関する指針を定め、これを公表するものとする,c,a,a,説明会開催義務はない,大規模小売店舗立地法,標準
286,都市計画及び地方計画,2013,中心市街地の活性化に関する法律第９条の基本計画に定める事項として、誤っているものはどれか。,土地区画整理事業、市街地再開発事業、道路、公園、駐車場等の公共の用に供する施設の整備その他の市街地の整備改善のための事業に関する事項,都市福利施設を整備する事業に関する事項,中小小売商業高度化事業、特定商業施設等整備事業その他の商業の活性化のための事業及び措置に関する事項,中心市街地の活性化推進のための住民参加に関する事項,d,住民参加に関する事項は基本計画の記載事項ではない,中心市街地の活性化に関する法律,標準
287,都市計画及び地方計画,2013,都市公園法による都市公園に関する記述として、正しいものはどれか。,公園管理者以外の者は公園施設を整備することができない,借地公園の土地貸借契約が終了した場合、都市公園を廃止することができる,都市公園に公園施設として設けられる建築物の面積は1,000㎡を上限とする,a,b,b,借地公園は契約終了により廃止可能,都市公園法,標準
288,都市計画及び地方計画,2013,都市の緑の保全や緑化に関する制度のうち、正しいものはどれか。,人工地盤や建築物は市民緑地の対象とならない,緑化地域の指定を受けた地域では、建築物の新築や増築を行うことはできない,特別緑地保全地区の土地所有者は土地の買い入れを申し出ることができる,開発事業者が分譲前に緑地協定を定めることはできない,c,特別緑地保全地区では土地の買取り申出が可能,都市緑地法,標準
289,都市計画及び地方計画,2013,街区公園に関する記述として、正しいものはどれか。,主として街区内に居住する者の利用に供することを目的とする公園,主として一の市町村の区域を超える広域のレクリエ－ション需要を充足することを目的とする公園,都市住民全般の休息、観賞、散歩、遊戯、運動等総合的な利用に供することを目的とする公園,主として徒歩圏内に居住する者の利用に供することを目的とする都市公園,a,街区公園の定義,都市公園法施行令,標準
290,都市計画及び地方計画,2013,次のうち都市公園である公園はどれか。,国営公園,国民公園,国定公園,国立公園,a,国営公園は都市公園法に基づく都市公園,都市公園法,標準
291,都市計画及び地方計画,2013,地区計画に関する記述として、正しいものはどれか。,地区計画は市街化区域内のみに定めることができる,地区計画区域内では建築確認が不要となる,地区計画には地区施設の配置及び規模を定めることができる,地区計画は住民の同意なしに定めることができない,c,地区計画には地区施設を定めることができる,都市計画法,標準
292,都市計画及び地方計画,2013,都市計画の決定権者に関する記述として、誤っているものはどれか。,市町村は市町村都市計画審議会の議を経て都市計画を決定する,都道府県は都道府県都市計画審議会の議を経て都市計画を決定する,国土交通大臣は社会資本整備審議会の議を経て都市計画を決定する,政令指定都市は独自に区域区分を決定できる,d,政令指定都市でも区域区分は都道府県が決定,都市計画法,標準
293,都市計画及び地方計画,2013,都市計画事業に関する記述として、誤っているものはどれか。,都市計画事業は都市計画に定められた内容に従って行われる,都市計画事業の施行者は国、都道府県、市町村等である,都市計画事業の認可は都道府県知事又は国土交通大臣が行う,都市計画事業では土地収用法の適用はない,d,都市計画事業では土地収用法が適用される,都市計画法,標準
294,都市計画及び地方計画,2013,建築基準法に関する記述として、正しいものはどれか。,すべての建築物は建築確認を受けなければならない,建ぺい率は敷地面積に対する建築面積の割合,容積率は建築面積に対する延べ面積の割合,斜線制限は隣地境界線からの距離に関係ない,b,建ぺい率の正しい定義,建築基準法,標準
295,都市計画及び地方計画,2013,都市再生特別措置法に関する記述として、誤っているものはどれか。,都市再生緊急整備地域を指定できる,都市再生特別地区を定めることができる,民間都市再生事業計画の認定制度がある,すべての都市で都市再生整備計画を作成しなければならない,d,都市再生整備計画の作成は義務ではない,都市再生特別措置法,標準
296,都市計画及び地方計画,2013,景観法に関する記述として、正しいものはどれか。,景観行政団体のみが景観計画を策定できる,景観地区は市町村が都市計画に定める,景観協定は行政機関のみが締結できる,景観重要建造物の指定に所有者の同意は不要,b,景観地区は都市計画に定める,景観法,標準
297,都市計画及び地方計画,2013,立地適正化計画に関する記述として、誤っているものはどれか。,市町村が作成する計画である,都市再生特別措置法に基づく計画である,居住誘導区域と都市機能誘導区域を定める,すべての市町村で作成が義務付けられている,d,立地適正化計画の作成は任意,都市再生特別措置法,標準
298,都市計画及び地方計画,2013,地方自治法に関する記述として、正しいものはどれか。,都道府県と市町村は対等・協力の関係にある,市町村は都道府県の下部組織である,特別区は市と同じ権能を有する,政令指定都市の区は法人格を有する,a,地方自治法における地方公共団体の関係,地方自治法,標準
299,都市計画及び地方計画,2013,都市計画マスタープランに関する記述として、誤っているものはどれか。,市町村の都市計画に関する基本的な方針である,都市計画法第18条の2に規定されている,住民参加の機会を設けることとされている,都道府県知事の承認が必要である,d,都市計画マスタープランに都道府県知事の承認は不要,都市計画法,標準
300,都市計画及び地方計画,2013,まちづくり三法に含まれる法律として、誤っているものはどれか。,中心市街地の活性化に関する法律,都市計画法,大規模小売店舗立地法,都市再生特別措置法,d,まちづくり三法は中心市街地活性化法、都市計画法、大店立地法,まちづくり三法,標準
301,上水道及び工業用水道,2013,新水道ビジョンに関する記述として、誤っているものはどれか。,厚生労働省は、平成25年3月にこれまでの水道ビジョンの改訂版として新水道ビジョンを公表した,新水道ビジョンの基本理念は、水道を次の世代に継承する段階に至ったとして、「地域とともに、信頼を未来につなぐ日本の水道」とした,新水道ビジョンでは、水道水の安全の確保、確実な給水の確保、供給体制の持続性の確保という3つの観点を「安全」「強靭」「持続」として、50年後、100年後の水道の理想像を具体的に示した,新水道ビジョンでは、水道関係者が取り組む方策の推進を停滞させることなく水道の理想像を具現化できるよう、方策の推進要素として「挑戦」と「連携」を位置づけた,c,50年後、100年後ではなく、当面の間の取り組みを示している,新水道ビジョン,標準
302,上水道及び工業用水道,2013,国内水道事業に関する記述として、誤っているものはどれか。,国内の水道事業数（上水道、簡易水道）は、7,884事業で約1億2,400万人に給水を行っており、専用水道からの給水も含めて水道普及率は97.6％である,用水供給事業は、水道事業者に対し水道用水を供給する事業であり、平成22年度から増加して95事業がある,d,000人以下が対象で16,000箇所を超える施設があり、40万人以上に給水している,上水道事業は、県営、市町村営、組合営、私営があり、用水供給事業は、県営、市町村営、組合営がある,b,b,用水供給事業数の記述が不正確,水道法,標準
303,上水道及び工業用水道,2013,第三者委託に関する記述として、正しいものはどれか。,水道法（平成13年7月改正）では、運転管理を含めた維持管理業務（水質管理を除く）を包括的に第三者に委託することができる,受託者は、水道事業者の責任のもとで委託された業務を行うために、受託水道業務技術管理者を1人置かなければならない,水道法による第三者委託では、すべての水道法の規定が水道事業者とともに受託者にも適用される,水道施設の管理業務については、技術上の観点から一体として行わなければならない業務の全部を一の者に委託するものとされており、緊急時を除き管理を一体的に行うべき範囲全体を委託業務の対象とする必要がある,d,一体的管理が必要な業務の全部を一の者に委託することが原則,水道法,標準
304,上水道及び工業用水道,2013,水質管理に関する記述として、誤っているものはどれか。,水道水質が安全で良質であることは、定期的な水質検査により確認するほか、適切に管理された水道施設から、水道水が供給できていると信頼できる体制の構築が求められる,水質検査・試験は、水道事業者による自己検査が原則であるが、単独に検査施設を設置できない小規模事業者は、厚生労働省令に定める「地方公共団体の機関」にのみ委託が可能である,水質検査結果の精度及び信頼性を確保するために、水質検査を行う水道事業体では、優良試験所基準（GLP）に基づく精度と信頼性保証体制の導入が求められている,水安全計画とは、供給水の安全をより一層高める統合的な水質管理のための計画で、食品製造分野で確立されているHACCP（Hazard Analysis and Critical Control Point）の考え方を水道に適用したものである,b,地方公共団体の機関のみではなく、登録検査機関にも委託可能,水道法,標準
305,上水道及び工業用水道,2013,地下水の特徴に関する記述として、誤っているものはどれか。,地下水のうち地層水は、不圧地下水と被圧地下水とに区分される。不圧地下水は、地下の最浅部にある砂、礫などの地層中に含まれている地下水であって、降水量の変動によって水位が上下し、水量自体も増減する,被圧地下水は、主として砂や礫のような空隙を持つ地層の中に存在し、水温は年間を通してほぼ一定であり、一般に水質は良好である,伏流水は、河川水が河床又はその付近に潜流している被圧地下水の一種である。伏流水の取水施設は、集水埋渠、浅井戸等が用いられる,地下水の水質特性上、鉄、マンガン、硝酸態窒素のほか、トリクロロエチレン等の揮発性有機化合物についても水質検査の対象としなければならない,c,伏流水は被圧地下水ではなく不圧地下水の一種,地下水学,標準
306,上水道及び工業用水道,2013,浄水処理技術に関する記述として、誤っているものはどれか。,急速ろ過は、原水中の溶解性物質を薬品によって凝集させた後、粒状層に比較的早い速度で水を通し、主としてろ材への付着と、ろ層でのふるい分けにより濁質を除去するものである,緩速ろ過は、砂層表面や砂層に増殖した微生物群によって、水中の浮遊物質や溶解性物質を捕捉、酸化分解する作用に依存した浄水方法で、アンモニア態窒素、鉄、マンガン、臭気、合成洗剤、フェノール等の溶解性物質も、ある限度内であれば取り除くことができる,浄水処理に主に使用されている膜ろ過は、懸濁物質を主体とする不溶解性物質を除去できる精密ろ過法、限外ろ過法である。溶解性物質を多く含む場合には、除去物質に応じて前処理、後処理をフローに加えるか、採用例は少ないがナノろ過がある,生物活性炭吸着方式は、粒状活性炭処理の前に塩素処理を行わず、粒状活性炭層内に繁殖した微生物の作用を利用して粒状活性炭の吸着効果を長期間維持する方式である,a,急速ろ過は濁質を凝集沈殿させた後にろ過する,上水試験方法,標準
307,上水道及び工業用水道,2013,浄水施設に関する記述として、正しいものはどれか。,水質基準への適合等は浄水処理水を対象とした最低限守るべき基準であることを考慮の上、水道事業者の自己責任において、安全・快適な水の供給を目指して、浄水水質の水質管理項目と目標値を設定する必要がある,空中を飛来する汚染物質の影響を受ける可能性がある場合には、浄水処理の強化や、開放水面に覆蓋を設けるなどの対策を検討すること,一般的に、高低差のある浄水場用地は平坦な用地と比べて不利である,浄水施設の改良、更新時においても浄水能力を確保できるよう、計画浄水量の25％程度の予備力を持つことが望ましいが、常時は休止させておく,a,水道事業者の自己責任による水質管理が重要,水道施設設計指針,標準
308,上水道及び工業用水道,2013,横流式沈でん池に関する記述として、誤っているものはどれか。,横流式沈でん池は、一般に滞留時間が長く、負荷変動に対する緩衝機能が高く、構造、機構も比較的単純で、スラッジ掻寄機のほかには機械的な部分が少ないので、管理は容易である,沈でん池に藻類が発生し、後段の処理工程に悪影響を及ぼすおそれがあるときは、必ず沈でん池を空にして清掃を行う,多系統原水の場合や水温や濁度の違いによっては、密度流が発生するおそれがあるので注意が必要である,スラッジ掻寄機を運転する場合は、掻寄板の速度は12ｍ/h(高濁度時などフロックの沈降性が大きい場合は36ｍ/h)以下とし、フロックを巻き上げたり、沈でんを妨げたりしないようする,b,沈でん池を空にしなくても薬剤処理等で対応可能,水道施設設計指針,標準
309,上水道及び工業用水道,2013,急速ろ過池に関する記述として、正しいものはどれか。,池数は、予備を含め最小限２池以上とし、予備池は10池までごとに２池の割合とする,１池のろ過面積は180㎡以下とする,砂層の厚さは60～70㎝を標準とする,ろ過砂の有効径は0.3～0.6㎜の範囲、均等係数の上限は1.35以下であること,c,砂層の厚さは60～70cmが標準,水道施設設計指針,標準
310,上水道及び工業用水道,2013,粉末活性炭吸着設備に関する記述として、誤っているものはどれか。,粉末活性炭処理は、活性炭を必要量だけ購入すれば良いため経済的であり、応急的あるいは短期間使用の場合に適している,粉末活性炭処理は、通常凝集処理以前の原水に対して行われ、原水と粉末活性炭を混和、接触させる専用接触池を必ず設けなければならない,水処理上の留意点として、ろ過水中へ活性炭の漏出、塩素の消費、発生ケーキ量の増加について考慮する必要がある,粉末活性炭貯槽やスラリー槽・混合槽(撹拌機、ストレーナ)、注入ポンプ、配管、バルブ類等活性炭と接触する部分は、耐食性、耐摩耗性の材質を使用する,b,専用接触池は必ずしも必要ではない,水道施設設計指針,標準
311,上水道及び工業用水道,2013,紫外線処理によるクリプトスポリジウム対策技術に関する記述として、正しいものはどれか。,紫外線照射槽を通過する水量の95％以上に対して、紫外線（253.7nm付近）の照射量を常時2mJ/cm²以上確保できること,処理対象とする水は、濁度2度以下、色度5度以下、紫外線の透過率は70％を超えるもの（紫外線吸光度が0.125abs./10mm未満）とする,地表水以外の水を水道の原水とし、当該原水から指標菌が検出されたことがある施設の場合には、ろ過池等の出口の濁度を0.1度以下に維持することが可能なろ過設備（急速ろ過、緩速ろ過、膜ろ過等）、ないしクリプトスポリジウム等を不活化することができる紫外線処理設備の整備が必要となる,紫外線ランプは、処理水量が少ない場合には中圧紫外線ランプ、処理水量が多い場合には低圧紫外線ランプが適している,b,処理対象水の水質基準として正しい,クリプトスポリジウム等対策指針,標準
312,上水道及び工業用水道,2013,ポンプの制御に関する記述として、誤っているものはどれか。,流量の制御は、ポンプ運転台数の変更による制御や、ポンプ運転台数制御に回転速度制御、バルブ開度制御、ポンプの可動羽根制御を組み合わせて行う,流量制御の回転速度制御は、回転速度の変化に比例して流量が変わることを利用したもので、制御性がよく運転コストも安いが、バルブ開度制御に比較して設備費が高い,圧力の制御は、吐出し圧力一定、または末端圧力一定を目標として、ポンプの回転速度やバルブ開度等を制御することにより行う,圧力制御の末端圧力一定制御は、流量が変化しても管路末端での圧力が一定になるように、ポンプの吐出し圧力を制御するもので、この方式は、管路損失が小さい場合や、需要水量の変動が小さい場合に適する,d,末端圧力一定制御は管路損失が大きい場合や需要変動が大きい場合に適する,ポンプ設備技術基準,標準
313,上水道及び工業用水道,2013,配水施設に関する記述として、誤っているものはどれか。,配水池の配置については、配水区域の近傍又は区域内の中央にできるだけ近く、ポンプ配水上有利な低所を選定する,配水施設は、水の持つ位置エネルギーを最大限に活用し、自然流下による配水により電力を節減する省エネルギーが図れる配置とすることが理想的である,配水施設は、消防水利を考慮し、施設の配置や設計を行うことが重要である,配水施設は、浄水を汚染することなく、かつ、変質させることの無いように水質保持について適切な配慮がなされていることが必要である,a,配水池は配水上有利な高所を選定,配水施設設計指針,標準
314,上水道及び工業用水道,2013,配水管路の最小動水圧に関する記述として、正しいものはどれか。,配水管から給水管に分岐する箇所での配水管内の最小動水圧は150kPa以上確保する,配水管から給水管に分岐する箇所での配水管内の最小動水圧は15kPa以上確保する,配水管から給水管に分岐する箇所での配水管内の最小動水圧は740kPa以上確保する,配水管から給水管に分岐する箇所での配水管内の最小動水圧は74kPa以上確保する,a,最小動水圧は150kPa以上,配水施設設計指針,標準
315,上水道及び工業用水道,2013,配水管の管径算定における動水圧の計算で、条件とする配水池の水位について、正しいものはどれか。,配水池は高水位とするが、配水塔及び高架タンクは低水位とする,配水池、配水塔及び高架タンクの水位はいずれも高水位とする,配水池は低水位とするが、配水塔及び高架タンクは高水位とする,配水池、配水塔及び高架タンクの水位はいずれも低水位とする,d,管径算定では安全側として低水位を条件とする,配水施設設計指針,標準
316,上水道及び工業用水道,2013,消火水量に関する記述として、誤っているものはどれか。,小規模水道の消火用水量は消火栓1栓の放水量を1㎥/min、同時に開放する消火栓１栓を標準として設定する,配水管の受持つ給水区域内の計画給水人口が100,000人以下のものについては、配水管の設計において、計画一日平均配水量に消火用水量を加算した水量で管径を検討する,配水池容量の設計に当たって、配水池の受持つ計画給水人口が50,c,火災時の動水圧は、消火栓の位置で正圧であり、かつ配水管内においても一様に正圧を確保することが必要である,a,a,小規模水道でも消火栓は2栓同時使用を標準とする,配水施設設計指針,標準
317,上水道及び工業用水道,2013,配水管の埋設位置及び深さに関する記述として、誤っているものはどれか。,配水支管は給水管分岐の都合上、なるべく道路の片側寄りに布設するのがよい,配水管を他の地下埋設物と交差または近接して布設するときは、少なくとも0.3ｍ以上の間隔を保つこと,寒冷地における管の埋設深さは、凍結深度よりも浅くする,道路が広い場合、配水支管は需要者への給水の利便性を図るとともに給水管の漏水防止のうえから両側の歩道又は車道の両側に布設する,c,寒冷地では凍結深度よりも深く埋設,配水施設設計指針,標準
318,上水道及び工業用水道,2013,空気弁に関する記述として、誤っているものはどれか。,原則として管路の凸部その他適所に設置する,空気弁には維持管理を考慮し、補修弁を設けるものとする,原則として管径200mm以上については急速空気弁若しくは双口空気弁を設ける,寒冷地においては、適切な凍結防止対策を講じる,b,空気弁には仕切弁を設ける,配水施設設計指針,標準
319,上水道及び工業用水道,2013,レベル２地震動の設定方法に関する記述として、誤っているものはどれか。,地域防災計画等の想定地震動を使用する,震源断層を想定した地震動評価を行い、当該地点での地震動を使用する,当該地点と同様な地盤条件（地盤種別）の地表面における強震記録の中で、震度6強～震度７の記録を用いる,新潟県中越沖地震の観測記録を基に想定された設計震度、設計応答スペクトルを用いる,d,新潟県中越沖地震は特定の地震であり、一般的な設定方法ではない,水道施設耐震工法指針,標準
320,上水道及び工業用水道,2013,震災対策用貯水施設に関する記述として、誤っているものはどれか。,貯水槽の設置に当っては防災担当部署と協議し、予め設置場所、管理方法、費用負担等について十分調整しておく,震災対策用貯水施設は、水質保全のため水道施設とは切り離して独立して設置する,貯水槽は耐震性を有するとともに、震災時に確実に貯留され、非常用給水設備から確実に給水できる構造が必要である,貯水槽内の水は、送・配水管等に返送することにより、常時循環させて運用する,b,震災対策用貯水施設は水道施設と一体的に運用,水道施設耐震工法指針,標準
321,上水道及び工業用水道,2013,水道水質基準に関する記述として、正しいものはどれか。,水質基準項目は現在51項目である,大腸菌は検出されてはならない,pH値は5.8以上8.6以下である,塩素イオンは100mg/L以下である,b,大腸菌は検出されてはならない,水質基準,標準
322,上水道及び工業用水道,2013,水源の種類と特徴に関する記述として、誤っているものはどれか。,表流水は水量が豊富で取水しやすいが、水質変動が大きい,地下水は水質が良好で水温が一定であるが、水量に限界がある,伏流水は表流水と地下水の中間的な性質を持つ,湧水は水質が極めて良好で処理が不要である,d,湧水でも水質によっては処理が必要な場合がある,水道水源,標準
323,上水道及び工業用水道,2013,塩素消毒に関する記述として、誤っているものはどれか。,次亜塩素酸ナトリウムは液体の塩素化合物である,液化塩素は気化させて注入する,塩素の殺菌効果はpHが低いほど高い,遊離残留塩素は0.1mg/L以上保持する,a,すべて正しいが、他の選択肢との関係で最も適切でない表現,塩素消毒技術,標準
324,上水道及び工業用水道,2013,水道管路の材質に関する記述として、正しいものはどれか。,ダクタイル鋳鉄管は耐震性に優れている,硬質ポリ塩化ビニル管は高温に強い,鋼管は腐食しやすい,ステンレス鋼管は高価である,c,鋼管は腐食対策が必要,管路材料,標準
325,上水道及び工業用水道,2013,水道料金制度に関する記述として、誤っているものはどれか。,水道料金は地方公営企業法に基づき設定される,料金体系には従量制と定額制がある,逓増型料金体系が一般的である,料金改定には議会の議決が必要である,b,水道料金は主に従量制が採用されている,地方公営企業法,標準
326,上水道及び工業用水道,2013,水道事業の広域化に関する記述として、正しいものはどれか。,用水供給事業による広域化がある,水道事業の統合による広域化がある,管理の一体化による広域化がある,すべての広域化形態が含まれる,d,水道事業の広域化には複数の形態がある,水道法,標準
327,上水道及び工業用水道,2013,工業用水道に関する記述として、誤っているものはどれか。,工業用水道法に基づき事業が実施される,冷却用水や洗浄用水として利用される,水質基準は上水道と同じである,工業用水道事業者は都道府県が多い,c,工業用水道の水質基準は上水道より緩い,工業用水道法,標準
328,上水道及び工業用水道,2013,水道施設の維持管理に関する記述として、正しいものはどれか。,日常点検により施設の状況を把握する,定期点検により詳細な検査を実施する,予防保全により故障を未然に防ぐ,適切な維持管理により施設の長寿命化を図る,d,すべて正しいが、総合的な観点から最も重要,水道施設維持管理指針,標準
329,上水道及び工業用水道,2013,水道事業の経営に関する記述として、誤っているものはどれか。,水道事業は地方公営企業として運営される,独立採算制が原則である,一般会計からの繰入れは認められない,企業債による資金調達が可能である,c,基準内繰入れなど一定の繰入れは認められる,地方公営企業法,標準
330,上水道及び工業用水道,2013,水道技術者の資格に関する記述として、正しいものはどれか。,水道技術管理者は水道事業に必置である,給水装置工事主任技術者は給水装置工事事業者に必置である,浄水場の運転には特定の資格が必要である,水質検査には特定の資格者が必要である,b,給水装置工事主任技術者の配置が義務付けられている,水道法,標準
331,造園,2013,代表的な日本庭園とその作庭に関わった人物の組合せとして、誤っているものはどれか。,修学院離宮庭園（京都府京都市）－後水尾上皇,西芳寺庭園（京都府京都市）－夢窓国師,金地院庭園（京都府京都市）－小堀遠州,無鄰庵庭園（京都府京都市）－重森三玲,d,無鄰庵庭園は重森三玲ではなく、７代目小川治兵衛（植治）が作庭,造園史,標準
332,造園,2013,造園で用いる次の草花で、宿根草として区分されるものはどれか。,ナデシコ,マリーゴールド,ホウセンカ,コスモス,a,ナデシコは宿根草、他は一年草,造園学,標準
333,造園,2013,希少生物の保護など生物に関連した条約として、誤っているものはどれか。,生物多様性条約,ワシントン条約,ラムサール条約,バーゼル条約,d,バーゼル条約は有害廃棄物の越境移動に関する条約,国際環境法,標準
334,造園,2013,視線が奥行の方向に誘導されるように建物や並木を列状に配置し、一定方向の軸線を強調する景観整備の手法として、正しいものはどれか。,シークエンス景観,コンポジション,ビスタ,プロポーション,c,ビスタは軸線を強調する景観手法,造園計画,標準
335,造園,2013,耐陰性に優れた高木、中木、低木、地被植物の組合せとして、誤っているものはどれか。,ソヨゴ、アオキ、アイビー,ヒイラギ、イヌツゲ、スズラン,コナラ、ボケ、シバ,カクレミノ、マンリョウ、ユキノシタ,c,コナラとシバは耐陰性が劣る,造園植物学,標準
336,造園,2013,都市における４つの緑の役割のうちで「自然との共生」が含まれる役割として、正しいものはどれか。,レクリエーション機能,防災機能,景観形成機能,環境保全機能,d,環境保全機能に自然との共生が含まれる,都市緑地法,標準
337,造園,2013,都市公園における占用に関する制限の記述として、誤っているものはどれか。,下水道管の本線を埋設する場合、その頂部と地面との距離は1.5ｍ以下としない,電線は、やむを得ない場合を除き、地上に設ける,地下に設ける防火用貯水槽の頂部と地面との距離は1.0ｍ以下としない,警察署の派出所の建築面積は30m²以内であること,b,電線は原則として地下に設ける,都市公園法,標準
338,造園,2013,耐乾性に優れた樹木として、誤っているものはどれか。,エノキ,アカマツ,イチョウ,エンジュ,d,エンジュは耐乾性が劣る,造園植物学,標準
339,造園,2013,アブラムシやカイガラムシなどの排泄物や分泌物を栄養として繁殖する菌によって、葉や茎枝の表面が黒色粉で覆われる病気として、正しいものはどれか。,タンソ病,モンパ病,スス病,テングス病,c,スス病はすす状の菌が表面を覆う病気,造園植物病理学,標準
340,造園,2013,日本近代の造園界に重要な役割を担った『本多静六』の業績として、誤っているものはどれか。,日本の洋式公園の先駆となった「日比谷公園」の設計,造形的手法を用いた「モエレ沼公園」の構想,「明治神宮」など近代神宮境内の林苑計画,我が国最初の鉄道林「野辺地防雪原林」の設計,b,モエレ沼公園はイサム・ノグチの構想,造園史,標準
341,造園,2013,都市計画に関わる人物と提唱した内容の組み合わせとして、誤っているものはどれか。,クラレンス・ペリー―近隣住区論,フレデリック・ロー・オームステッド―ドイツの国土美化,オスマン―パリの都市改造,エベネザー・ハワード―田園都市論,b,オームステッドはアメリカのセントラルパーク等を設計,都市計画史,標準
342,造園,2013,緑の基本計画を策定する場合の緑地の区分で、地域制緑地に該当する緑地はどれか。,自然公園,風致公園,都市緑地,広域公園,a,自然公園は地域制緑地,都市緑地法,標準
343,造園,2013,ユネスコの世界自然遺産に登録されている日本の自然遺産で、国立公園の指定を受けていない地域はどれか。,屋久島,知床,白神山地,小笠原諸島,c,白神山地は世界自然遺産地域の核心地域が国立公園未指定,世界遺産,標準
344,造園,2013,公園整備におけるPFI事業において、公園施設建設後、速やかに施設を当該公共団体に引き渡し、引き続き一定期間運営を行う方式はどれか。,SPC,BTO,BOT,BOO,b,BTOは建設・移転・運営方式,PFI法,標準
345,造園,2013,ぶらんこの消耗部品である金具・チェーンの推奨交換サイクルとして、正しいものはどれか。,２～３年,３～５年,５～７年,７～10年,b,金具・チェーンは3～5年での交換が推奨,都市公園における遊具の安全確保,標準
346,造園,2013,吹抜け(アトリウム)空間での生育が難しいとされる植物はどれか。,シバザクラ,ヘデラ・ヘリックス,チャボリュウノヒゲ,サザンカ,d,サザンカは屋外環境を好み室内では生育困難,室内緑化,標準
347,造園,2013,バリアフリーに配慮した園路設計を行う際の配慮事項として、誤っているものはどれか。,縦断勾配は５％以下とする,連続する園路の途中には、段差は設けない,出入口の有効幅員は、車いす使用者と横向きの人がすれ違えるよう120cm以上とする,横断勾配は１％以下とし、排水状況などの特別な理由がある場合のみ５％以下とする,d,横断勾配は2％以下が標準,高齢者・身体障害者等が円滑に利用できる特定建築物の建築の促進に関する法律,標準
348,造園,2013,ベンチ・野外卓の設計においてユニバーサルデザインの観点から留意すべき事項として、誤っているものはどれか。,園路沿いにベンチを設置する場合は通行の障害とならないよう園路際から60cm以上後退して設置する,ベンチに隣接して、車イス使用者等が近づける150cm×150cm以上の水平面を確保する,ベンチ腰かけ板の高さは40～45cmを標準とする,野外卓下は、膝のスペースとして高さ55cm以上、幅75cm以上、奥行き45cm以上を確保した車イス使用者の利用できるものとする,a,後退距離は30cm以上が標準,都市公園移動等円滑化基準,標準
349,造園,2013,給水管の埋設に関する事項で、誤っているものはどれか。,車道における埋設深さ1.2m以上,歩道における埋設深さ0.9m以上,歩くだけの園路における埋設深さ0.3m以上,給水管の上方には表示テープを埋設する,c,歩行者専用園路でも0.6m以上の埋設深さが必要,給水装置工事技術指針,標準
350,造園,2013,盛土法面に適した緑化工法を、a～dのなかから選びなさい。,植生マット工,植生ポット工,つる性植物による緑化,植生袋工,a,盛土法面には植生マット工が適している,法面緑化工設計施工指針,標準
351,造園,2013,日本庭園の様式に関する記述として、正しいものはどれか。,池泉庭園は水を用いない庭園である,枯山水は石と砂で山水を表現する,露地は花を観賞するための庭園である,築山庭園は平坦な地形に作られる,b,枯山水は水を使わずに石と砂で自然を表現,造園史,標準
352,造園,2013,造園における土壌改良に関する記述として、誤っているものはどれか。,客土は表層土を入れ替える方法である,土壌改良材として堆肥やピートモスが用いられる,排水性改良には砂やパーライトを混入する,土壌のpH調整には石灰が用いられる,a,客土は必ずしも表層のみではない,造園土壌学,標準
353,造園,2013,都市公園の種類と規模に関する記述として、正しいものはどれか。,街区公園の標準面積は0.25ha,近隣公園の標準面積は2ha,地区公園の標準面積は4ha,総合公園の標準面積は10～50ha,b,近隣公園の標準面積は2ha,都市公園法施行令,標準
354,造園,2013,造園工事における安全管理に関する記述として、誤っているものはどれか。,高所作業では安全帯を使用する,重機作業では誘導員を配置する,薬剤散布時は防護具を着用する,安全教育は初回のみ実施すればよい,d,安全教育は継続的に実施する必要がある,労働安全衛生法,標準
355,造園,2013,造園植物の病害虫防除に関する記述として、正しいものはどれか。,予防が治療より重要である,農薬は多量に使用するほど効果的である,天敵昆虫の利用は効果がない,病害虫は季節に関係なく発生する,a,予防的な管理が病害虫防除の基本,造園植物病理学,標準
356,造園,2013,造園における測量に関する記述として、誤っているものはどれか。,平板測量は小規模な現場に適している,水準測量により高低差を測定する,トータルステーションは角度と距離を同時測定できる,GPS測量は屋内でも高精度で測定できる,d,GPS測量は衛星電波が必要で屋内では使用困難,測量学,標準
357,造園,2013,造園における環境配慮に関する記述として、正しいものはどれか。,在来種の使用を推進する,外来種の積極的導入を図る,化学肥料のみを使用する,自然環境への影響は考慮しない,a,生態系保全のため在来種の使用が重要,造園生態学,標準
358,造園,2013,造園施設の維持管理に関する記述として、誤っているものはどれか。,日常点検により異常の早期発見を図る,定期的な清掃により美観を保持する,利用者の安全確保が最優先である,費用削減のため点検回数を減らすべきである,d,安全確保のため適切な点検頻度を維持する必要がある,都市公園維持管理指針,標準
359,造園,2013,造園における色彩計画に関する記述として、正しいものはどれか。,暖色系は空間を狭く感じさせる,寒色系は空間を広く感じさせる,補色の組み合わせは調和的である,無彩色は使用を避けるべきである,b,寒色系は後退色で空間を広く感じさせる,色彩学,標準
360,造園,2013,造園における持続可能性に関する記述として、誤っているものはどれか。,省エネルギー設備の導入を図る,リサイクル材料の活用を推進する,生物多様性の保全に配慮する,経済効率のみを重視すべきである,d,持続可能性には環境・社会・経済のバランスが重要,持続可能な開発,標準
